ID,sample_id,genotype,cutting_location,replicate,month,year,sample_type,note,
97,Besc-103-cor-C90-C97v-R9-Jan2019-16S,BESC103,Corvallis,R09,June,2018,RH,,
98,Besc-103-corv-r10-Jun2017-16S,BESC103,Corvallis,R10,June,2017,RH,,
99,Besc-103-corv-R16-Jan2019-16S,BESC103,Corvallis,R16,June,2018,RH,,
100,Besc-103-corv-R3-Fall2018-16S,BESC103,Corvallis,R03,Oct,2018,RH,,
103,Besc-103-R23-Fall2018-16S,BESC103,Clatskanie,R23,Oct,2018,RH,,
105,Besc-103-R40-Jan2019-16S,BESC103,Clatskanie,R40,June,2018,RH,,
106,Besc-148-corv-R1-Jan2019-16S,BESC148,Corvallis,R01,June,2018,RH,,
107,Besc-148-corv-r11-Jun2017-16S,BESC148,Corvallis,R11,June,2017,RH,,
109,Besc-148-corv-r8-Jun2017-16S,BESC148,Corvallis,R08,June,2017,RH,,
110,Besc-148-R1-Jan2019-16S,BESC148,Clatskanie,R01,June,2018,RH,,
111,Besc-148-r12-Jun2017-16S,BESC148,Clatskanie,R12,June,2017,RH,,
112,Besc-148-R17-Jan2019-16S,BESC148,Clatskanie,R17,June,2018,RH,,
113,Besc-148-r28-Jun2017-16S,BESC148,Clatskanie,R28,June,2017,RH,,
,Besc-148-r28-Jun2017-16S-REDO,BESC148,Clatskanie,R28,June,2017,RH,,
114,Besc-148-r7-Jun2017-16S,BESC148,Clatskanie,R07,June,2017,RH,,
115,Besc-148-R8-Jan2019-16S,BESC148,Clatskanie,R08,June,2018,RH,,
116,Besc-22-corv-R11-Fall2018-16S,BESC22,Corvallis,R11,Oct,2018,RH,,
117,Besc-22-corv-R11-Jan2019-16S,BESC22,Corvallis,R11,June,2018,RH,,
118,Besc-22-corv-r14-Jun2017-16S,BESC22,Corvallis,R14,June,2017,RH,,
119,Besc-22-corv-R16-Fall2018-16S,BESC22,Corvallis,R16,Oct,2018,RH,,
120,Besc-22-corv-R16-Jan2019-16S,BESC22,Corvallis,R16,June,2018,RH,,
121,Besc-22-corv-R6-Fall2018-16S,BESC22,Corvallis,R06,Oct,2018,RH,,
123,Besc-22-corv-r9-Jun2017-16S,BESC22,Corvallis,R09,June,2017,RH,,
124,Besc-261-corv-R10-Fall2018-16S,BESC261,Corvallis,R10,Oct,2018,RH,,
125,Besc-261-corv-R10-Jan2019-16S,BESC261,Corvallis,R10,June,2018,RH,,
127,Besc-261-corv-R15-Jan2019-16S-G11,BESC261,Corvallis,R15,June,2018,RH,,
128,Besc-261-corv-r16-Jun2017-16S,BESC261,Corvallis,R16,June,2017,RH,,
129,Besc-261-corv-R2-Jan2019-16S,BESC261,Corvallis,R02,June,2018,RH,,
130,Besc-261-corv-r3-Jun2017-16S,BESC261,Corvallis,R03,June,2017,RH,,
131,Besc-261-corv-r9-Jun2017-16S,BESC261,Corvallis,R09,June,2017,RH,,
132,Besc-71-corv-R1-Fall2018-16S,BESC71,Corvallis,R01,Oct,2018,RH,,
133,Besc-71-corv-R1-Jan2019-16S,BESC71,Corvallis,R01,June,2018,RH,,
134,Besc-71-corv-r12-Jun2017-16S,BESC71,Corvallis,R12,June,2017,RH,,
135,Besc-71-corv-R17-Jan2019-16S,BESC71,Corvallis,R17,June,2018,RH,,
136,Besc-71-corv-R9-Fall2018-16S,BESC71,Corvallis,R09,Oct,2018,RH,,
137,Besc-71-R21-Fall2018-16S,BESC71,Clatskanie,R21,Oct,2018,RH,,
138,Besc-71-r24-Jun2017-16S,BESC71,Clatskanie,R24,June,2017,RH,,
139,Besc-71-R3-Fall2018-16S,BESC71,Clatskanie,R03,Oct,2018,RH,,
140,Besc-71-R3-Jan2019-16S,BESC71,Clatskanie,R03,June,2018,RH,,
141,Besc-71-r4-Jun2017-16S,BESC71,Clatskanie,R04,June,2017,RH,,
143,Besc-801-corv-r10-Jun2017-16S,BESC801,Corvallis,R10,June,2017,RH,,
144,Besc-801-corv-R17-Jan2019-16S,BESC801,Corvallis,R17,June,2018,RH,,
145,Besc-801-corv-r6-Jun2017-16S,BESC801,Corvallis,R06,June,2017,RH,,
147,Besc-801-corv-R9-Fall2018-16S,BESC801,Corvallis,R09,Oct,2018,RH,,
148,Besc-801-corv-R9-Jan2019-16S,BESC801,Corvallis,R09,June,2018,RH,,
149,Besc-801-R16-Fall2018-16S,BESC801,Clatskanie,R16,Oct,2018,RH,,
150,Besc-801-R16-Jan2019-16S,BESC801,Clatskanie,R16,June,2018,RH,,
151,Besc-801-R3-Fall2018-16S,BESC801,Clatskanie,R03,Oct,2018,RH,,
153,Besc-801-R41-Jan2019-16S,BESC801,Clatskanie,R41,June,2018,RH,,
154,Besc-835-corv-r11-Jun2017-16S,BESC835,Corvallis,R11,June,2017,RH,,
155,Besc-835-corv-R14-Fall2018-16S,BESC835,Corvallis,R14,Oct,2018,RH,,
156,Besc-835-corv-R14-Jan2019-16S,BESC835,Corvallis,R14,June,2018,RH,,
157,Besc-835-corv-R16-Fall2018-16S,BESC835,Corvallis,R16,Oct,2018,RH,,
158,Besc-835-corv-R16-Jan2019-16S,BESC835,Corvallis,R16,June,2018,RH,,
159,Besc-835-corv-r17-Jun2017-16S,BESC835,Corvallis,R17,June,2017,RH,,
160,Besc-835-corv-R6-Fall2018-16S,BESC835,Corvallis,R06,Oct,2018,RH,,
161,Besc-835-corv-R6-Jan2019-16S,BESC835,Corvallis,R06,June,2018,RH,,
162,Besc-835-R10-Fall2018-16S,BESC835,Clatskanie,R10,Oct,2018,RH,,
163,Besc-835-R10-Jan2019-16S,BESC835,Clatskanie,R10,June,2018,RH,,
164,Besc-835-r20-Jun2017-16S,BESC835,Clatskanie,R20,June,2017,RH,,
165,Besc-835-R23-Fall2018-16S,BESC835,Clatskanie,R23,Oct,2018,RH,,
166,Besc-835-R23-Jan2019-16S,BESC835,Clatskanie,R23,June,2018,RH,,
167,Besc-835-r3-Jun2017-16S,BESC835,Clatskanie,R03,June,2017,RH,,
168,Besc-835-R41-Fall2018-16S,BESC835,Clatskanie,R41,Oct,2018,RH,,
169,Besc-835-R41-Jan2019-16S,BESC835,Clatskanie,R41,June,2018,RH,,
170,Besc-835-r47-Jun2017-16S,BESC835,Clatskanie,R47,June,2017,RH,,
478,Besc103-corv-R12-Aug2019-16S-LE,BESC103,Corvallis,R12,Aug,2019,LE,,
289,Besc103-corv-r12-Feb2018-16S,BESC103,Corvallis,R12,Feb,2018,RH,,
1,BESC103-Corv-R12-Jun2019-16S,BESC103,Corvallis,R12,June,2019,RH,,
479,Besc103-corv-R12-Jun2019-16S-LE,BESC103,Corvallis,R12,June,2019,LE,,
193,Besc103-corv-r12-Oct2019-16S,BESC103,Corvallis,R12,Oct,2019,RH,,
385,Besc103-corv-R12-Oct2019-16S-LE,BESC103,Corvallis,R12,Oct,2019,LE,,
290,Besc103-corv-r14-Feb2018-16S,BESC103,Corvallis,R14,Feb,2018,RH,,
2,BESC103-Corv-R14-Jun2019-16S,BESC103,Corvallis,R14,June,2019,RH,,
480,Besc103-corv-R14-Jun2019-16S-LE,BESC103,Corvallis,R14,June,2019,LE,,
194,Besc103-corv-r14-Oct2019-16S,BESC103,Corvallis,R14,Oct,2019,RH,,
386,Besc103-corv-R14-Oct2019-16S-LE,BESC103,Corvallis,R14,Oct,2019,LE,,
195,Besc103-corv-r15-Jun2017-16S,BESC103,Corvallis,R15,June,2017,RH,,
196,Besc103-corv-r16-Aug2018-16S,BESC103,Corvallis,R16,Aug,2018,RH,,
569,Besc103-corv-R16-Jun2018-16S-LE,BESC103,Corvallis,R16,June,2018,LE,,
3,BESC103-Corv-R16-Winter2019-16S,BESC103,Corvallis,R16,Feb,2019,RH,,
197,Besc103-corv-r3-Aug2018-16S,BESC103,Corvallis,R03,Aug,2018,RH,,
387,Besc103-corv-R3-Aug2019-16S-LE,BESC103,Corvallis,R03,Aug,2019,LE,,
291,Besc103-corv-r3-Jun2018-16S,BESC103,Corvallis,R03,June,2018,RH,,
570,Besc103-corv-R3-Jun2018-16S-LE,BESC103,Corvallis,R03,June,2018,LE,,
571,BESC103-corv-R3-Oct2018-16S-LE,BESC103,Corvallis,R03,Oct,2018,LE,,
4,BESC103-Corv-R3-Winter2019-16S,BESC103,Corvallis,R03,Feb,2019,RH,,
198,Besc103-corv-r4-Jun2017-16S,BESC103,Corvallis,R04,June,2017,RH,,
481,Besc103-corv-R6-Aug2019-16S-LE,BESC103,Corvallis,R06,Aug,2019,LE,,
292,Besc103-corv-r6-Feb2018-16S,BESC103,Corvallis,R06,Feb,2018,RH,,
,Besc103-corv-r6-Feb2018-16S-REDO,BESC103,Corvallis,R06,Feb,2018,RH,,
5,BESC103-Corv-R6-Jun2019-16S,BESC103,Corvallis,R06,June,2019,RH,,
482,Besc103-corv-R6-Jun2019-16S-LE,BESC103,Corvallis,R06,June,2019,LE,,
199,Besc103-corv-r6-Oct2019-16S,BESC103,Corvallis,R06,Oct,2019,RH,,
388,Besc103-corv-R6-Oct2019-16S-LE,BESC103,Corvallis,R06,Oct,2019,LE,,
,Besc103-corv-r6-Oct2019-16S-REDO,BESC103,Corvallis,R06,Oct,2019,RH,,
389,Besc103-corv-R7-Aug2019-16S-LE,BESC103,Corvallis,R07,Aug,2019,LE,,
200,Besc103-corv-r9-Aug2018-16S,BESC103,Corvallis,R09,Aug,2018,RH,,
293,Besc103-corv-r9-Aug2019-16S,BESC103,Corvallis,R09,Aug,2019,RH,,
390,Besc103-corv-R9-Aug2019-16S-LE,BESC103,Corvallis,R09,Aug,2019,LE,,
572,Besc103-corv-R9-Oct2018-16S-LE,BESC103,Corvallis,R09,Oct,2018,LE,,
6,BESC103-Corv-R9-Winter2019-16S,BESC103,Corvallis,R09,Feb,2019,RH,,
573,Besc103-cov-R6-Oct2018-16S-LE,BESC103,Corvallis,R06,Oct,2018,LE,,
7,BESC103-R11-Fall2018-16S,BESC103,Clatskanie,R11,Oct,2018,RH,,
294,Besc103-r11-Jun2018-16S,BESC103,Clatskanie,R11,June,2018,RH,,
574,Besc103-R11-Jun2018-16S-LE,BESC103,Clatskanie,R11,June,2018,LE,,
483,Besc103-R11-Oct2018-16S-LE,BESC103,Clatskanie,R11,Oct,2018,LE,,
8,BESC103-R11-Winter2019-16S,BESC103,Clatskanie,R11,Feb,2019,RH,,
295,Besc103-r22-Aug2018-16S,BESC103,Clatskanie,R22,Aug,2018,RH,,
,Besc103-r22-Aug2018-16S-REDO,BESC103,Clatskanie,R22,Aug,2018,RH,,
201,Besc103-r23-Aug2018-16S,BESC103,Clatskanie,R23,Aug,2018,RH,,
296,Besc103-r23-Jun2018-16S,BESC103,Clatskanie,R23,June,2018,RH,,
575,Besc103-R23-Jun2018-16S-LE,BESC103,Clatskanie,R23,June,2018,LE,,
484,Besc103-R23-Oct2018-16S-LE,BESC103,Clatskanie,R23,Oct,2018,LE,,
9,BESC103-R23-Winter2019-16S,BESC103,Clatskanie,R23,Feb,2019,RH,,
297,Besc103-r24-Aug2019-16S,BESC103,Clatskanie,R24,Aug,2019,RH,,
391,Besc103-R24-Aug2019-16S-LE,BESC103,Clatskanie,R24,Aug,2019,LE,,
298,Besc103-r24-Feb2018-16S,BESC103,Clatskanie,R24,Feb,2018,RH,,
10,BESC103-R24-Jun2019-16S,BESC103,Clatskanie,R24,June,2019,RH,,
485,Besc103-R24-Jun2019-16S-LE,BESC103,Clatskanie,R24,June,2019,LE,,
202,Besc103-r24-Oct2019-16S,BESC103,Clatskanie,R24,Oct,2019,RH,,
392,Besc103-R24-Oct2019-16S-LE,BESC103,Clatskanie,R24,Oct,2019,LE,,
486,Besc103-R27-Aug2019-16S-LE,BESC103,Clatskanie,R27,Aug,2019,LE,,
203,Besc103-r40-Aug2018-16S,BESC103,Clatskanie,R40,Aug,2018,RH,,
11,BESC103-R40-Fall2018-16S,BESC103,Clatskanie,R40,Oct,2018,RH,,
576,Besc103-R40-Jun2018-16S-LE,BESC103,Clatskanie,R40,June,2018,LE,,
577,Besc103-R40-Oct2018-16S-LE,BESC103,Clatskanie,R40,Oct,2018,LE,,
12,BESC103-R40-Winter2019-16S,BESC103,Clatskanie,R40,Feb,2019,RH,,
299,Besc103-r41-Feb2018-16S,BESC103,Clatskanie,R41,Feb,2018,RH,,
13,BESC103-R41-Jun2019-16S,BESC103,Clatskanie,R41,June,2019,RH,,
487,Besc103-R41-Jun2019-16S-LE,BESC103,Clatskanie,R41,June,2019,LE,,
204,Besc103-r41-Oct2019-16S,BESC103,Clatskanie,R41,Oct,2019,RH,,
393,Besc103-R41-Oct2019-16S-LE,BESC103,Clatskanie,R41,Oct,2019,LE,,
,Besc103-r41-Oct2019-16S-REDO,BESC103,Clatskanie,R41,Oct,2019,RH,,
205,Besc103-r47-Jun2017-16S,BESC103,Clatskanie,R47,June,2017,RH,,
488,Besc103-R5-Aug2019-16S-LE,BESC103,Clatskanie,R05,Aug,2019,LE,,
300,Besc103-r7-Feb2018-16S,BESC103,Clatskanie,R07,Feb,2018,RH,,
14,BESC103-R7-Jun2019-16S,BESC103,Clatskanie,R07,June,2019,RH,,
489,Besc103-R7-Jun2019-16S-LE,BESC103,Clatskanie,R07,June,2019,LE,,
206,Besc103-r7-Oct2019-16S,BESC103,Clatskanie,R07,Oct,2019,RH,,
394,Besc103-R7-Oct2019-16S-LE,BESC103,Clatskanie,R07,Oct,2019,LE,,
,Besc103-r7-Oct2019-16S-REDO,BESC103,Clatskanie,R07,Oct,2019,RH,,
207,Besc103-r9-Jun2017-16S,BESC103,Clatskanie,R09,June,2017,RH,,
578,Besc103-R9-Jun2018-16S-LE,BESC103,Clatskanie,R09,June,2018,LE,,
208,Besc148-corv-r1-Aug2018-16S,BESC148,Corvallis,R01,Aug,2018,RH,,
301,Besc148-Corv-r1-Aug2019-16S,BESC148,Corvallis,R01,Aug,2019,RH,,
395,Besc148-corv-R1-Aug2019-16S-LE,BESC148,Corvallis,R01,Aug,2019,LE,,
15,BESC148-Corv-R1-Fall2018-16S,BESC148,Corvallis,R01,Oct,2018,RH,,
579,Besc148-corv-R1-Oct2018-16S-LE,BESC148,Corvallis,R01,Oct,2018,LE,,
16,BESC148-Corv-R1-Winter2019-16S,BESC148,Corvallis,R01,Feb,2019,RH,,
302,Besc148-corv-r17-Aug2018-16S,BESC148,Corvallis,R17,Aug,2018,RH,,
490,Besc148-corv-R17-Oct2018-16S-LE,BESC148,Corvallis,R17,Oct,2018,LE,,
209,Besc148-corv-r3-Jun2017-16S,BESC148,Corvallis,R03,June,2017,RH,,
396,Besc148-corv-R4-Aug2019-16S-LE,BESC148,Corvallis,R04,Aug,2019,LE,,
303,Besc148-corv-r4-Feb2018-16S,BESC148,Corvallis,R04,Feb,2018,RH,,
17,BESC148-Corv-R4-Jun2019-16S,BESC148,Corvallis,R04,June,2019,RH,,
491,Besc148-corv-R4-Jun2019-16S-LE,BESC148,Corvallis,R04,June,2019,LE,,
210,Besc148-corv-r4-Oct2019-16S,BESC148,Corvallis,R04,Oct,2019,RH,,
397,Besc148-corv-R4-Oct2019-16S-LE,BESC148,Corvallis,R04,Oct,2019,LE,,
398,Besc148-corv-R5-Aug2019-16S-LE,BESC148,Corvallis,R05,Aug,2019,LE,,
304,Besc148-corv-r5-Feb2018-16S,BESC148,Corvallis,R05,Feb,2018,RH,,
18,BESC148-Corv-R5-Jun2019-16S,BESC148,Corvallis,R05,June,2019,RH,,
492,Besc148-corv-R5-Jun2019-16S-LE,BESC148,Corvallis,R05,June,2019,LE,,
211,Besc148-corv-r5-Oct2019-16S,BESC148,Corvallis,R05,Oct,2019,RH,,
399,Besc148-corv-R5-Oct2019-16S-LE,BESC148,Corvallis,R05,Oct,2019,LE,,
305,Besc148-corv-r7-Jun2018-16S,BESC148,Corvallis,R07,June,2018,RH,,
580,Besc148-corv-R7-Jun2018-16S-LE,BESC148,Corvallis,R07,June,2018,LE,,
493,Besc148-corv-R7-Oct2018-16S-LE,BESC148,Corvallis,R07,Oct,2018,LE,,
19,BESC148-Corv-R7-Winter2019-16S,BESC148,Corvallis,R07,Feb,2019,RH,,
400,Besc148-corv-R9-Aug2019-16S-LE,BESC148,Corvallis,R09,Aug,2019,LE,,
212,Besc148-r1-Aug2018-16S,BESC148,Clatskanie,R01,Aug,2018,RH,,
20,BESC148-R1-Winter2019-16S,BESC148,Clatskanie,R01,Feb,2019,RH,,
494,Besc148-R11-Aug2019-16S-LE,BESC148,Clatskanie,R11,Aug,2019,LE,,
306,Besc148-r11-Feb2018-16S,BESC148,Clatskanie,R11,Feb,2018,RH,,
,Besc148-r11-Feb2018-16S-REDO,BESC148,Clatskanie,R11,Feb,2018,RH,,
21,BESC148-R11-Jun2019-16S,BESC148,Clatskanie,R11,June,2019,RH,,
495,Besc148-R11-Jun2019-16S-LE,BESC148,Clatskanie,R11,June,2019,LE,,
496,Besc148-R11-Oct2018-16S-LE,BESC148,Clatskanie,R11,Oct,2018,LE,,
213,Besc148-r11-Oct2019-16S,BESC148,Clatskanie,R11,Oct,2019,RH,,
401,Besc148-R11-Oct2019-16S-LE,BESC148,Clatskanie,R11,Oct,2019,LE,,
307,Besc148-r15-Aug2019-16S,BESC148,Clatskanie,R15,Aug,2019,RH,,
402,Besc148-R15-Aug2019-16S-LE,BESC148,Clatskanie,R15,Aug,2019,LE,,
22,BESC148-R16-Winter2019-16S,BESC148,Clatskanie,R16,Feb,2019,RH,,
214,Besc148-r17-Aug2018-16S,BESC148,Clatskanie,R17,Aug,2018,RH,,
498,Besc148-R1B-Oct2018-16S-LE,BESC148,Clatskanie,R01,Oct,2018,LE,B,
403,Besc148-R22-Aug2019-16S-LE,BESC148,Clatskanie,R22,Aug,2019,LE,,
308,Besc148-r22-Feb2018-16S,BESC148,Clatskanie,R22,Feb,2018,RH,,
23,BESC148-R22-Jun2019-16S,BESC148,Clatskanie,R22,June,2019,RH,,
499,Besc148-R22-Jun2019-16S-LE,BESC148,Clatskanie,R22,June,2019,LE,,
215,Besc148-r22-Oct2019-16S,BESC148,Clatskanie,R22,Oct,2019,RH,,
404,Besc148-R22-Oct2019-16S-LE,BESC148,Clatskanie,R22,Oct,2019,LE,,
405,Besc148-R5-Aug2019-16S-LE,BESC148,Clatskanie,R05,Aug,2019,LE,,
309,Besc148-r5-Feb2018-16S,BESC148,Clatskanie,R05,Feb,2018,RH,,
24,BESC148-R5-Jun2019-16S,BESC148,Clatskanie,R05,June,2019,RH,,
500,Besc148-R5-Jun2019-16S-LE,BESC148,Clatskanie,R05,June,2019,LE,,
216,Besc148-r5-Oct2019-16S,BESC148,Clatskanie,R05,Oct,2019,RH,,
406,Besc148-R5-Oct2019-16S-LE,BESC148,Clatskanie,R05,Oct,2019,LE,,
217,Besc148-r8-Aug2018-16S,BESC148,Clatskanie,R08,Aug,2018,RH,,
407,Besc148-R8-Aug2019-16S-LE,BESC148,Clatskanie,R08,Aug,2019,LE,,
25,BESC148-R8-Winter2019-16S,BESC148,Clatskanie,R08,Feb,2019,RH,,
218,Besc22-corv-r11-Aug2018-16S,BESC22,Corvallis,R11,Aug,2018,RH,,
581,Besc22-corv-R11-Jun2018-16S-LE,BESC22,Corvallis,R11,June,2018,LE,,
501,Besc22-corv-R11-Oct2018-16S-LE,BESC22,Corvallis,R11,Oct,2018,LE,,
26,BESC22-Corv-R11-Winter2019-16S,BESC22,Corvallis,R11,Feb,2019,RH,,
408,Besc22-corv-R12-Aug2019-16S-LE,BESC22,Corvallis,R12,Aug,2019,LE,,
310,Besc22-corv-r15-Feb2018-16S,BESC22,Corvallis,R15,Feb,2018,RH,,
27,BESC22-Corv-R15-Jun2019-16S,BESC22,Corvallis,R15,June,2019,RH,,
502,Besc22-corv-R15-Jun2019-16S-LE,BESC22,Corvallis,R15,June,2019,LE,,
219,Besc22-corv-r15-Oct2019-16S,BESC22,Corvallis,R15,Oct,2019,RH,,
409,Besc22-corv-R15-Oct2019-16S-LE,BESC22,Corvallis,R15,Oct,2019,LE,,
220,Besc22-corv-r16-Aug2018-16S,BESC22,Corvallis,R16,Aug,2018,RH,,
503,Besc22-corv-R16-Oct2018-16S-LE,BESC22,Corvallis,R16,Oct,2018,LE,,
28,BESC22-Corv-R16-Winter2019-16S,BESC22,Corvallis,R16,Feb,2019,RH,,
504,Besc22-corv-R3-Aug2019-16S-LE,BESC22,Corvallis,R03,Aug,2019,LE,,
311,Besc22-corv-r3-Feb2018-16S,BESC22,Corvallis,R03,Feb,2018,RH,,
,Besc22-corv-r3-Feb2018-16S-REDO,BESC22,Corvallis,R03,Feb,2018,RH,,
29,BESC22-Corv-R3-Jun2019-16S,BESC22,Corvallis,R03,June,2019,RH,,
505,Besc22-corv-R3-Jun2019-16S-LE,BESC22,Corvallis,R03,June,2019,LE,,
221,Besc22-corv-r3-Oct2019-16S,BESC22,Corvallis,R03,Oct,2019,RH,,
410,Besc22-corv-R3-Oct2019-16S-LE,BESC22,Corvallis,R03,Oct,2019,LE,,
411,Besc22-corv-R4-Aug2019-16S-LE,BESC22,Corvallis,R04,Aug,2019,LE,,
,Besc22-corv-R4-Aug2019-16S-LE-REDO,BESC22,Corvallis,R04,Aug,2019,LE,,
30,BESC22-Corv-R4-Winter2019-16S,BESC22,Corvallis,R04,Feb,2019,RH,,
222,Besc22-corv-r6-Aug2018-16S,BESC22,Corvallis,R06,Aug,2018,RH,,
223,Besc22-Corv-r6-Jun2017-16S,BESC22,Corvallis,R06,June,2017,RH,,
312,Besc22-corv-r6-Jun2018-16S,BESC22,Corvallis,R06,June,2018,RH,,
582,Besc22-corv-R6-Jun2018-16S-LE,BESC22,Corvallis,R06,June,2018,LE,,
583,Besc22-corv-R6-Oct2018-16S-LE,BESC22,Corvallis,R06,Oct,2018,LE,,
412,Besc22-corv-R7-Aug2019-16S-LE,BESC22,Corvallis,R07,Aug,2019,LE,,
31,BESC22-Corv-R7-Jun2019-16S,BESC22,Corvallis,R07,June,2019,RH,,
506,Besc22-corv-R7-Jun2019-16S-LE,BESC22,Corvallis,R07,June,2019,LE,,
224,Besc22-corv-r7-Oct2019-16S,BESC22,Corvallis,R07,Oct,2019,RH,,
413,Besc22-corv-R7-Oct2019-16S-LE,BESC22,Corvallis,R07,Oct,2019,LE,,
414,Besc22-R15-Aug2019-16S-LE,BESC22,Clatskanie,R15,Aug,2019,LE,,
584,Besc22-R16-Jun2018-16S-LE,BESC22,Clatskanie,R16,June,2018,LE,,
507,Besc26-corv-R13-Aug2019-16S-LE,BESC261,Corvallis,R13,Aug,2019,LE,,
225,Besc261-corv-r10-Aug2018-16S,BESC261,Corvallis,R10,Aug,2018,RH,,
585,Besc261-corv-R10-Jun2018-16S-LE,BESC261,Corvallis,R10,June,2018,LE,,
508,Besc261-corv-R10-Oct2018-16S-LE,BESC261,Corvallis,R10,Oct,2018,LE,,
32,BESC261-Corv-R10-Winter2019-16S,BESC261,Corvallis,R10,Feb,2019,RH,,
509,Besc261-corv-R11-Aug2019-16S-LE,BESC261,Corvallis,R11,Aug,2019,LE,,
313,Besc261-corv-r11-Feb2018-16S,BESC261,Corvallis,R11,Feb,2018,RH,,
33,BESC261-Corv-R11-Jun2019-16S,BESC261,Corvallis,R11,June,2019,RH,,
510,Besc261-corv-R11-Jun2019-16S-LE,BESC261,Corvallis,R11,June,2019,LE,,
226,Besc261-corv-r11-Oct2019-16S,BESC261,Corvallis,R11,Oct,2019,RH,,
415,Besc261-corv-R11-Oct2019-16S-LE,BESC261,Corvallis,R11,Oct,2019,LE,,
227,Besc261-corv-r12-Aug2018-16S,BESC261,Corvallis,R12,Aug,2018,RH,,
314,Besc261-corv-r13-Aug2019-16S,BESC261,Corvallis,R13,Aug,2019,RH,,
315,Besc261-corv-r15-Aug2018-16S,BESC261,Corvallis,R15,Aug,2018,RH,,
416,Besc261-corv-R15-Aug2019-16S-LE,BESC261,Corvallis,R15,Aug,2019,LE,,
316,Besc261-corv-r15-Feb2018-16S,BESC261,Corvallis,R15,Feb,2018,RH,,
586,Besc261-corv-R15-Jun2018-16S-LE,BESC261,Corvallis,R15,June,2018,LE,,
34,BESC261-Corv-R15-Jun2019-16S,BESC261,Corvallis,R15,June,2019,RH,,
511,Besc261-corv-R15-Jun2019-16S-LE,BESC261,Corvallis,R15,June,2019,LE,,
228,Besc261-corv-r15-Oct2019-16S,BESC261,Corvallis,R15,Oct,2019,RH,,
,Besc261-corv-r15-Oct2019-16S-REDO,BESC261,Corvallis,R15,Oct,2019,RH,,
35,BESC261-Corv-R15-Winter2019-16S,BESC261,Corvallis,R15,Feb,2019,RH,,
36,BESC261-Corv-R16-Fall2018-16S,BESC261,Corvallis,R16,Oct,2018,RH,,
587,Besc261-corv-R16-Oct2018-16S-LE,BESC261,Corvallis,R16,Oct,2018,LE,,
417,Besc261-corv-R16-Oct2019-16S-LE,BESC261,Corvallis,R16,Oct,2019,LE,,
418,Besc261-corv-R17-Oct2019-16S-LE,BESC261,Corvallis,R17,Oct,2019,LE,,
588,Besc261-corv-R2-Jun2018-16S-LE,BESC261,Corvallis,R02,June,2018,LE,,
37,BESC261-Corv-R2-Winter2019-16S,BESC261,Corvallis,R02,Feb,2019,RH,,
512,Besc261-corv-R4-Aug2019-16S-LE,BESC261,Corvallis,R04,Aug,2019,LE,,
419,Besc261-corv-R6-Aug2019-16S-LE,BESC261,Corvallis,R06,Aug,2019,LE,,
317,Besc261-corv-r6-Feb2018-16S,BESC261,Corvallis,R06,Feb,2018,RH,,
38,BESC261-Corv-R6-Jun2019-16S,BESC261,Corvallis,R06,June,2019,RH,,
513,Besc261-corv-R6-Jun2019-16S-LE,BESC261,Corvallis,R06,June,2019,LE,,
229,Besc261-corv-r6-Oct2019-16S,BESC261,Corvallis,R06,Oct,2019,RH,,
514,Besc261-R2-Oct2018-16S-LE,BESC261,Clatskanie,R02,Oct,2018,LE,,
318,Besc71-corv-r1-Aug2018-16S,BESC71,Corvallis,R01,Aug,2018,RH,,
589,Besc71-corv-R1-Jun2018-16S-LE,BESC71,Corvallis,R01,June,2018,LE,,
515,Besc71-corv-R1-Oct2018-16S-LE,BESC71,Corvallis,R01,Oct,2018,LE,,
39,BESC71-Corv-R1-Winter2019-16S,BESC71,Corvallis,R01,Feb,2019,RH,,
319,Besc71-corv-r10-Aug2019-16S,BESC71,Corvallis,R10,Aug,2019,RH,,
420,Besc71-corv-R10-Aug2019-16S-LE,BESC71,Corvallis,R10,Aug,2019,LE,,
320,Besc71-corv-r10-Feb2018-16S,BESC71,Corvallis,R10,Feb,2018,RH,,
40,BESC71-Corv-R10-Jun2019-16S,BESC71,Corvallis,R10,June,2019,RH,,
516,Besc71-corv-R10-Jun2019-16S-LE,BESC71,Corvallis,R10,June,2019,LE,,
230,Besc71-corv-r10-Oct2019-16S,BESC71,Corvallis,R10,Oct,2019,RH,,
421,Besc71-corv-R10-Oct2019-16S-LE,BESC71,Corvallis,R10,Oct,2019,LE,,
321,Besc71-corv-r14-Feb2018-16S,BESC71,Corvallis,R14,Feb,2018,RH,,
41,BESC71-Corv-R14-Jun2019-16S,BESC71,Corvallis,R14,June,2019,RH,,
231,Besc71-corv-r16-Jun2017-16S,BESC71,Corvallis,R16,June,2017,RH,,
232,Besc71-corv-r17-Aug2018-16S,BESC71,Corvallis,R17,Aug,2018,RH,,
322,Besc71-corv-r17-Aug2019-16S,BESC71,Corvallis,R17,Aug,2019,RH,,
422,Besc71-corv-R17-Aug2019-16S-LE,BESC71,Corvallis,R17,Aug,2019,LE,,
,Besc71-corv-r17-Aug2019-16S-REDO,BESC71,Corvallis,R17,Aug,2019,RH,,
42,BESC71-Corv-R17-Fall2018-16S,BESC71,Corvallis,R17,Oct,2018,RH,,
590,Besc71-corv-R17-Jun2018-16S-LE,BESC71,Corvallis,R17,June,2018,LE,,
517,Besc71-corv-R17-Jun2019-16S-LE,BESC71,Corvallis,R17,June,2019,LE,,
591,BESC71-corv-R17-Oct2018-16S-LE,BESC71,Corvallis,R17,Oct,2018,LE,,
233,Besc71-corv-r17-Oct2019-16S,BESC71,Corvallis,R17,Oct,2019,RH,,
,Besc71-corv-r17-Oct2019-16S-REDO,BESC71,Corvallis,R17,Oct,2019,RH,,
43,BESC71-Corv-R17-Winter2019-16S,BESC71,Corvallis,R17,Feb,2019,RH,,
234,Besc71-corv-r2-Jun2017-16S,BESC71,Corvallis,R02,June,2017,RH,,
323,Besc71-corv-r5-Aug2019-16S,BESC71,Corvallis,R05,Aug,2019,RH,,
423,Besc71-corv-R5-Aug2019-16S-LE,BESC71,Corvallis,R05,Aug,2019,LE,,
324,Besc71-corv-r5-Feb2018-16S,BESC71,Corvallis,R05,Feb,2018,RH,,
44,BESC71-Corv-R5-Jun2019-16S,BESC71,Corvallis,R05,June,2019,RH,,
518,Besc71-corv-R5-Jun2019-16S-LE,BESC71,Corvallis,R05,June,2019,LE,,
235,Besc71-corv-r5-Oct2019-16S,BESC71,Corvallis,R05,Oct,2019,RH,,
424,Besc71-corv-R5-Oct2019-16S-LE,BESC71,Corvallis,R05,Oct,2019,LE,,
,Besc71-corv-r5-Oct2019-16S-REDO,BESC71,Corvallis,R05,Oct,2019,RH,,
519,Besc71-corv-R7-Aug2019-16S-LE,BESC71,Corvallis,R07,Aug,2019,LE,,
325,Besc71-corv-r9-Aug2018-16S,BESC71,Corvallis,R09,Aug,2018,RH,,
,Besc71-corv-r9-Aug2018-16S-REDO,BESC71,Corvallis,R09,Aug,2018,RH,,
425,Besc71-corv-R9-Aug2019-16S-LE,BESC71,Corvallis,R09,Aug,2019,LE,,
592,Besc71-corv-R9-Oct2018-16S-LE,BESC71,Corvallis,R09,Oct,2018,LE,,
45,BESC71-Corv-R9-Winter2019-16S,BESC71,Corvallis,R09,Feb,2019,RH,,
426,Besc71-R17-Oct2019-16S-LE,BESC71,Clatskanie,R17,Oct,2019,LE,,
326,Besc71-r21-Aug2019-16S,BESC71,Clatskanie,R21,Aug,2019,RH,,
427,Besc71-R21-Aug2019-16S-LE,BESC71,Clatskanie,R21,Aug,2019,LE,,
,Besc71-r21-Aug2019-16S-REDO,BESC71,Clatskanie,R21,Aug,2019,RH,,
327,Besc71-r21-Feb2018-16S,BESC71,Clatskanie,R21,Feb,2018,RH,,
593,Besc71-R21-Oct2018-16S-B-LE,BESC71,Clatskanie,R21,Oct,2018,LE,,
594,Besc71-R21-Oct2018-16S-LE,BESC71,Clatskanie,R21,Oct,2018,LE,,
46,BESC71-R21-Winter2019-16S,BESC71,Clatskanie,R21,Feb,2019,RH,,
328,Besc71-r27-Aug2019-16S,BESC71,Clatskanie,R27,Aug,2019,RH,,
520,Besc71-R27-Aug2019-16S-LE,BESC71,Clatskanie,R27,Aug,2019,LE,,
329,Besc71-r27-Feb2018-16S,BESC71,Clatskanie,R27,Feb,2018,RH,,
47,BESC71-R27-Jun2019-16S,BESC71,Clatskanie,R27,June,2019,RH,,
521,Besc71-R27-Jun2019-16S-LE,BESC71,Clatskanie,R27,June,2019,LE,,
236,Besc71-r27-Oct2019-16S,BESC71,Clatskanie,R27,Oct,2019,RH,,
428,Besc71-R27-Oct2019-16S-LE,BESC71,Clatskanie,R27,Oct,2019,LE,,
237,Besc71-r3-Aug2018-16S,BESC71,Clatskanie,R03,Aug,2018,RH,,
429,Besc71-R3-Aug2019-16S-LE,BESC71,Clatskanie,R03,Aug,2019,LE,,
595,Besc71-R3-Jun2018-16S-LE,BESC71,Clatskanie,R03,June,2018,LE,,
522,Besc71-R3-Oct2018-16S-LE,BESC71,Clatskanie,R03,Oct,2018,LE,,
48,BESC71-R3-Winter2019-16S,BESC71,Clatskanie,R03,Feb,2019,RH,,
238,Besc71-r42-Jun2017-16S,BESC71,Clatskanie,R42,June,2017,RH,,
330,Besc71-r44-Aug2018-16S,BESC71,Clatskanie,R44,Aug,2018,RH,,
331,Besc71-r44-Jun2018-16S,BESC71,Clatskanie,R44,June,2018,RH,,
596,Besc71-R44-Jun2018-16S-LE,BESC71,Clatskanie,R44,June,2018,LE,,
597,Besc71-R44-Oct2018-16S-LE,BESC71,Clatskanie,R44,Oct,2018,LE,,
49,BESC71-R44-Winter2019-16S,BESC71,Clatskanie,R44,Feb,2019,RH,,
332,Besc71-r48-Aug2019-16S,BESC71,Clatskanie,R48,Aug,2019,RH,,
430,Besc71-R48-Aug2019-16S-LE,BESC71,Clatskanie,R48,Aug,2019,LE,,
333,Besc71-r48-Feb2018-16S,BESC71,Clatskanie,R48,Feb,2018,RH,,
50,BESC71-R48-Jun2019-16S,BESC71,Clatskanie,R48,June,2019,RH,,
523,Besc71-R48-Jun2019-16S-LE,BESC71,Clatskanie,R48,June,2019,LE,,
239,Besc71-r48-Oct2019-16S,BESC71,Clatskanie,R48,Oct,2019,RH,,
431,Besc71-R48-Oct2019-16S-LE,BESC71,Clatskanie,R48,Oct,2019,LE,,
524,Besc71-R9-Aug2019-16S-LE,BESC71,Clatskanie,R09,Aug,2019,LE,,
334,Besc71-r9-Feb2018-16S,BESC71,Clatskanie,R09,Feb,2018,RH,,
51,BESC71-R9-Jun2019-16S,BESC71,Clatskanie,R09,June,2019,RH,,
525,Besc71-R9-Jun2019-16S-LE,BESC71,Clatskanie,R09,June,2019,LE,,
598,Besc71-R9-Oct2018-16S-LE,BESC71,Clatskanie,R09,Oct,2018,LE,,
240,Besc71-r9-Oct2019-16S,BESC71,Clatskanie,R09,Oct,2019,RH,,
432,Besc71-R9-Oct2019-16S-LE,BESC71,Clatskanie,R09,Oct,2019,LE,,
335,Besc801-corv-r11-Aug2019-16S,BESC801,Corvallis,R11,Aug,2019,RH,,
433,Besc801-corv-R11-Aug2019-16S-LE,BESC801,Corvallis,R11,Aug,2019,LE,,
336,Besc801-corv-r11-Feb2018-16S,BESC801,Corvallis,R11,Feb,2018,RH,,
52,BESC801-Corv-R11-Jun2019-16S,BESC801,Corvallis,R11,June,2019,RH,,
526,Besc801-corv-R11-Jun2019-16S-LE,BESC801,Corvallis,R11,June,2019,LE,,
241,Besc801-corv-r11-Oct2019-16S,BESC801,Corvallis,R11,Oct,2019,RH,,
434,Besc801-corv-R11-Oct2019-16S-LE,BESC801,Corvallis,R11,Oct,2019,LE,,
527,Besc801-corv-R14-Aug2019-16S-LE,BESC801,Corvallis,R14,Aug,2019,LE,,
242,Besc801-corv-r15-Jun2017-16S,BESC801,Corvallis,R15,June,2017,RH,,
243,Besc801-corv-r17-Aug2018-16S,BESC801,Corvallis,R17,Aug,2018,RH,,
,Besc801-corv-r17-Aug2018-16S-REDO,BESC801,Corvallis,R17,Aug,2018,RH,,
337,Besc801-corv-r17-Feb2018-16S,BESC801,Corvallis,R17,Feb,2018,RH,,
599,Besc801-corv-R17-Oct2018-16S-B-LE,BESC801,Corvallis,R17,Oct,2018,LE,,
600,Besc801-corv-R17-Oct2018-16S-LE,BESC801,Corvallis,R17,Oct,2018,LE,,
53,BESC801-Corv-R17-Winter2019-16S,BESC801,Corvallis,R17,Feb,2019,RH,,
528,Besc801-corv-R2-Aug2019-16S-LE,BESC801,Corvallis,R02,Aug,2019,LE,,
338,Besc801-corv-r2-Feb2018-16S,BESC801,Corvallis,R02,Feb,2018,RH,,
54,BESC801-Corv-R2-Jun2019-16S,BESC801,Corvallis,R02,June,2019,RH,,
529,Besc801-corv-R2-Jun2019-16S-LE,BESC801,Corvallis,R02,June,2019,LE,,
244,Besc801-corv-r2-Oct2019-16S,BESC801,Corvallis,R02,Oct,2019,RH,,
435,Besc801-corv-R2-Oct2019-16S-LE,BESC801,Corvallis,R02,Oct,2019,LE,,
245,Besc801-corv-r7-Aug2018-16S,BESC801,Corvallis,R07,Aug,2018,RH,,
339,Besc801-corv-r7-Jun2018-16S,BESC801,Corvallis,R07,June,2018,RH,,
530,Besc801-corv-R7-Oct2018-16S-LE,BESC801,Corvallis,R07,Oct,2018,LE,,
55,BESC801-Corv-R7-Winter2019-16S,BESC801,Corvallis,R07,Feb,2019,RH,,
340,Besc801-corv-r9-Aug2018-16S,BESC801,Corvallis,R09,Aug,2018,RH,,
,Besc801-corv-r9-Aug2018-16S-REDO,BESC801,Corvallis,R09,Aug,2018,RH,,
341,Besc801-corv-r9-Jun2018-16S,BESC801,Corvallis,R09,June,2018,RH,,
601,Besc801-corv-R9-Jun2018-16S-LE,BESC801,Corvallis,R09,June,2018,LE,,
602,Besc801-corv-R9-Oct2018-16S-LE,BESC801,Corvallis,R09,Oct,2018,LE,,
56,BESC801-Corv-R9-Winter2019-16S,BESC801,Corvallis,R09,Feb,2019,RH,,
436,Besc801-R1-Aug2019-16S-LE,BESC801,Clatskanie,R01,Aug,2019,LE,,
246,Besc801-r16-Aug2018-16S,BESC801,Clatskanie,R16,Aug,2018,RH,,
603,Besc801-R16-Oct2018-16S-LE,BESC801,Clatskanie,R16,Oct,2018,LE,,
57,BESC801-R16-Winter2019-16S,BESC801,Clatskanie,R16,Feb,2019,RH,,
247,Besc801-r17-Jun2017-16S,BESC801,Clatskanie,R17,June,2017,RH,,
531,Besc801-R19-Aug2019-16S-LE,BESC801,Clatskanie,R19,Aug,2019,LE,,
342,Besc801-r23-Aug2019-16S,BESC801,Clatskanie,R23,Aug,2019,RH,,
437,Besc801-R23-Aug2019-16S-LE,BESC801,Clatskanie,R23,Aug,2019,LE,,
58,BESC801-R23-Jun2019-16S,BESC801,Clatskanie,R23,June,2019,RH,,
532,Besc801-R23-Jun2019-16S-LE,BESC801,Clatskanie,R23,June,2019,LE,,
248,Besc801-r23-Oct2019-16S,BESC801,Clatskanie,R23,Oct,2019,RH,,
604,Besc801-R26-Jun2018-16S-LE,BESC801,Clatskanie,R26,June,2018,LE,,
438,Besc801-R29-Aug2019-16S-LE,BESC801,Clatskanie,R29,Aug,2019,LE,,
249,Besc801-r3-Aug2018-16S,BESC801,Clatskanie,R03,Aug,2018,RH,,
343,Besc801-r3-Jun2018-16S,BESC801,Clatskanie,R03,June,2018,RH,,
605,Besc801-R3-Jun2018-16S-LE,BESC801,Clatskanie,R03,June,2018,LE,,
533,Besc801-R3-Oct2018-16S-LE,BESC801,Clatskanie,R03,Oct,2018,LE,,
59,BESC801-R3-Winter2019-16S,BESC801,Clatskanie,R03,Feb,2019,RH,,
250,Besc801-r40-Jun2017-16S,BESC801,Clatskanie,R40,June,2017,RH,,
251,Besc801-r41-Aug2018-16S,BESC801,Clatskanie,R41,Aug,2018,RH,,
,Besc801-r41-Aug2018-16S-REDO,BESC801,Clatskanie,R41,Aug,2018,RH,,
344,Besc801-r41-Jun2018-16S,BESC801,Clatskanie,R41,June,2018,RH,,
606,Besc801-R41-Oct2018-16S-B-LE,BESC801,Clatskanie,R41,Oct,2018,LE,,
607,Besc801-R41-Oct2018-16S-LE,BESC801,Clatskanie,R41,Oct,2018,LE,,
60,BESC801-R41-Winter2019-16S,BESC801,Clatskanie,R41,Feb,2019,RH,,
345,Besc801-r44-Feb2018-16S,BESC801,Clatskanie,R44,Feb,2018,RH,,
61,BESC801-R44-Jun2019-16S,BESC801,Clatskanie,R44,June,2019,RH,,
534,Besc801-R44-Jun2019-16S-LE,BESC801,Clatskanie,R44,June,2019,LE,,
252,Besc801-r44-Oct2019-16S,BESC801,Clatskanie,R44,Oct,2019,RH,,
439,Besc801-R44-Oct2019-16S-LE,BESC801,Clatskanie,R44,Oct,2019,LE,,
346,Besc801-r7-Feb2018-16S,BESC801,Clatskanie,R07,Feb,2018,RH,,
608,Besc801-R7-Jun2018-16S-LE,BESC801,Clatskanie,R07,June,2018,LE,,
535,Besc801-R8-Aug2019-16S-LE,BESC801,Clatskanie,R08,Aug,2019,LE,,
62,BESC801-R8-Jun2019-16S,BESC801,Clatskanie,R08,June,2019,RH,,
536,Besc801-R8-Jun2019-16S-LE,BESC801,Clatskanie,R08,June,2019,LE,,
253,Besc801-r8-Oct2019-16S,BESC801,Clatskanie,R08,Oct,2019,RH,,
440,Besc835-corv-R1-Aug2019-16S-LE,BESC835,Corvallis,R01,Aug,2019,LE,,
347,Besc835-corv-r1-Feb2018-16S,BESC835,Corvallis,R01,Feb,2018,RH,,
63,BESC835-Corv-R1-Jun2019-16S,BESC835,Corvallis,R01,June,2019,RH,,
254,Besc835-corv-r1-Oct2019-16S,BESC835,Corvallis,R01,Oct,2019,RH,,
348,Besc835-corv-r10-Jun2018-16S,BESC835,Corvallis,R10,June,2018,RH,,
441,Besc835-corv-R12-Aug2019-16S-LE,BESC835,Corvallis,R12,Aug,2019,LE,,
349,Besc835-corv-r12-Feb2018-16S,BESC835,Corvallis,R12,Feb,2018,RH,,
,Besc835-corv-r12-Feb2018-16S-REDO,BESC835,Corvallis,R12,Feb,2018,RH,,
537,Besc835-corv-R12-Jun2019-16S-LE,BESC835,Corvallis,R12,June,2019,LE,,
255,Besc835-corv-r12-Oct2019-16S,BESC835,Corvallis,R12,Oct,2019,RH,,
442,Besc835-corv-R12-Oct2019-16S-LE,BESC835,Corvallis,R12,Oct,2019,LE,,
350,Besc835-corv-r14-Aug2018-16S,BESC835,Corvallis,R14,Aug,2018,RH,,
443,Besc835-corv-R14-Aug2019-16S-LE,BESC835,Corvallis,R14,Aug,2019,LE,,
351,Besc835-corv-r14-Jun2018-16S,BESC835,Corvallis,R14,June,2018,RH,,
538,Besc835-corv-R14-Oct2018-16S-LE,BESC835,Corvallis,R14,Oct,2018,LE,,
64,BESC835-Corv-R14-Winter2019-16S,BESC835,Corvallis,R14,Feb,2019,RH,,
256,Besc835-corv-r16-Aug2018-16S,BESC835,Corvallis,R16,Aug,2018,RH,,
352,Besc835-corv-r16-Jun2018-16S,BESC835,Corvallis,R16,June,2018,RH,,
539,Besc835-corv-R16-Oct2018-16S-LE,BESC835,Corvallis,R16,Oct,2018,LE,,
65,BESC835-Corv-R16-Winter2019-16S,BESC835,Corvallis,R16,Feb,2019,RH,,
353,Besc835-corv-r2-Aug2019-16S,BESC835,Corvallis,R02,Aug,2019,RH,,
444,Besc835-corv-R2-Aug2019-16S-LE,BESC835,Corvallis,R02,Aug,2019,LE,,
445,Besc835-corv-R22-Aug2019-16S-LE,BESC835,Corvallis,R22,Aug,2019,LE,,
354,Besc835-corv-r5-Aug2019-16S,BESC835,Corvallis,R05,Aug,2019,RH,,
540,Besc835-corv-R5-Aug2019-16S-LE,BESC835,Corvallis,R05,Aug,2019,LE,,
355,Besc835-corv-r5-Feb2018-16S,BESC835,Corvallis,R05,Feb,2018,RH,,
,Besc835-corv-r5-Feb2018-16S-REDO,BESC835,Corvallis,R05,Feb,2018,RH,,
66,BESC835-Corv-R5-Jun2019-16S,BESC835,Corvallis,R05,June,2019,RH,,
541,Besc835-corv-R5-Jun2019-16S-LE,BESC835,Corvallis,R05,June,2019,LE,,
257,Besc835-corv-r5-Oct2019-16S,BESC835,Corvallis,R05,Oct,2019,RH,,
446,Besc835-corv-R5-Oct2019-16S-LE,BESC835,Corvallis,R05,Oct,2019,LE,,
258,Besc835-corv-r6-Aug2018-16S,BESC835,Corvallis,R06,Aug,2018,RH,,
609,Besc835-corv-R6-Jun2018-16S-LE,BESC835,Corvallis,R06,June,2018,LE,,
610,Besc835-corv-R6-Oct2018-16S-LE,BESC835,Corvallis,R06,Oct,2018,LE,,
67,BESC835-Corv-R6-Winter2019-16S,BESC835,Corvallis,R06,Feb,2019,RH,,
259,Besc835-corv-r9-Jun2017-16S,BESC835,Corvallis,R09,June,2017,RH,,
542,besc835-R-Jun2019-16S-LE,BESC835,Clatskanie,,June,2019,LE,,
543,Besc835-R1-Jun2019-16S-LE,BESC835,Clatskanie,R01,June,2019,LE,,
260,Besc835-r10-Aug2018-16S,BESC835,Clatskanie,R10,Aug,2018,RH,,
544,Besc835-R10-Oct2018-16S-LE-2,BESC835,Clatskanie,R10,Oct,2018,LE,2,
68,BESC835-R10-Winter2019-16S,BESC835,Clatskanie,R10,Feb,2019,RH,,
545,Besc835-R11-Aug2019-16S-LE,BESC835,Clatskanie,R11,Aug,2019,LE,,
69,BESC835-R12-Jun2019-16S,BESC835,Clatskanie,R12,June,2019,RH,,
356,Besc835-r22-Feb2018-16S,BESC835,Clatskanie,R22,Feb,2018,RH,,
,Besc835-r22-Feb2018-16S-REDO,BESC835,Clatskanie,R22,Feb,2018,RH,,
70,BESC835-R22-Jun2019-16S,BESC835,Clatskanie,R22,June,2019,RH,,
546,Besc835-R22-Jun2019-16S-LE,BESC835,Clatskanie,R22,June,2019,LE,,
261,Besc835-r22-Oct2019-16S,BESC835,Clatskanie,R22,Oct,2019,RH,,
447,Besc835-R22-Oct2019-16S-LE,BESC835,Clatskanie,R22,Oct,2019,LE,,
357,Besc835-r23-Aug2018-16S,BESC835,Clatskanie,R23,Aug,2018,RH,,
612,Besc835-R23-Jun2018-16S-LE,BESC835,Clatskanie,R23,June,2018,LE,,
547,Besc835-R23-Oct2018-16S-LE,BESC835,Clatskanie,R23,Oct,2018,LE,,
71,BESC835-R24-Winter2019-16S,BESC835,Clatskanie,R24,Feb,2019,RH,,
448,Besc835-R30-Aug2019-16S-LE,BESC835,Clatskanie,R30,Aug,2019,LE,,
262,Besc835-r41-Aug2018-16S,BESC835,Clatskanie,R41,Aug,2018,RH,,
613,Besc835-R41-Jun2018-16S-LE,BESC835,Clatskanie,R41,June,2018,LE,,
614,Besc835-R41-Oct2018-16S-LE,BESC835,Clatskanie,R41,Oct,2018,LE,,
263,Besc835-r41-Oct2019-16S,BESC835,Clatskanie,R41,Oct,2019,RH,,
449,Besc835-R41-Oct2019-16S-LE,BESC835,Clatskanie,R41,Oct,2019,LE,,
72,BESC835-R41-Winter2019-16S,BESC835,Clatskanie,R41,Feb,2019,RH,,
450,Besc835-R42-Aug2019-16S-LE,BESC835,Clatskanie,R42,Aug,2019,LE,,
358,Besc835-r42-Feb2018-16S,BESC835,Clatskanie,R42,Feb,2018,RH,,
73,BESC835-R42-Jun2019-16S,BESC835,Clatskanie,R42,June,2019,RH,,
548,Besc835-R42-Jun2019-16S-LE,BESC835,Clatskanie,R42,June,2019,LE,,
549,besc835-R8-Aug2019-16S-LE,BESC835,Clatskanie,R08,Aug,2019,LE,,
359,Besc835-r8-Feb2018-16S,BESC835,Clatskanie,R08,Feb,2018,RH,,
264,Besc835-r8-Oct2019-16S,BESC835,Clatskanie,R08,Oct,2019,RH,,
451,Besc835-R8-Oct2019-16S-LE,BESC835,Clatskanie,R08,Oct,2019,LE,,
,Besc835-r8-Oct2019-16S-REDO,BESC835,Clatskanie,R08,Oct,2019,RH,,
74,BESC835-R822-Jun2019-16S,BESC835,Clatskanie,R822,June,2019,RH,,
452,Besc901-corv-R7-Aug2019-16S-LE,BESC801,Corvallis,R07,Aug,2019,LE,,
453,Besccorv-R1-Oct2019-16S-LE,,Corvallis,R01,Oct,2019,LE,Besccorv,
360,Besd-22-corv-r7-Feb2018-16S,BESC22,Corvallis,R07,Feb,2018,RH,,
361,Besdc-801-r23-Feb2018-16S,BESC801,Clatskanie,R23,Feb,2018,RH,,
75,D176-R11-Jun2019-16S,D176,Clatskanie,R11,June,2019,RH,,
550,D176-R11-Jun2019-16S-LE,D176,Clatskanie,R11,June,2019,LE,,
265,D176-r11-Oct2019-16S,D176,Clatskanie,R11,Oct,2019,RH,,
266,D176-r17-Aug2018-16S,D176,Clatskanie,R17,Aug,2018,RH,,
76,D176-R17-Fall2018-16S,D176,Clatskanie,R17,Oct,2018,RH,,
171,D176-R17-Jan2019-16S,D176,Clatskanie,R17,June,2018,RH,,
615,D176-R17-Jun2018-16S-LE,D176,Clatskanie,R17,June,2018,LE,,
77,D176-R17-Jun2019-16S,D176,Clatskanie,R17,June,2019,RH,,
551,D176-R17-Jun2019-16S-LE,D176,Clatskanie,R17,June,2019,LE,,
616,D176-R17-Oct2018-16S-LE,D176,Clatskanie,R17,Oct,2018,LE,,
267,D176-r17-Oct2019-16S,D176,Clatskanie,R17,Oct,2019,RH,,
78,D176-R27-Winter2019-16S,D176,Clatskanie,R27,Feb,2019,RH,,
454,D176-R47-Oct2019-16S-LE,D176,Clatskanie,R47,Oct,2019,LE,,
362,D176-r5-Aug2018-16S,D176,Clatskanie,R05,Aug,2018,RH,,
363,D176-r5-Aug2019-16S,D176,Clatskanie,R05,Aug,2019,RH,,
455,D176-R5-Aug2019-16S-LE,D176,Clatskanie,R05,Aug,2019,LE,,
172,D176-R5-Fall2018-16S,D176,Clatskanie,R05,Oct,2018,RH,,
79,D176-R5-Jun2019-16S,D176,Clatskanie,R05,June,2019,RH,,
552,D176-R5-Jun2019-16S-LE,D176,Clatskanie,R05,June,2019,LE,,
553,D176-R5-Oct2018-16S-LE,D176,Clatskanie,R05,Oct,2018,LE,,
268,D176-r5-Oct2019-16S,D176,Clatskanie,R05,Oct,2019,RH,,
456,D176-R5-Oct2019-16S-LE,D176,Clatskanie,R05,Oct,2019,LE,,
80,D176-R5-Winter2019-16S,D176,Clatskanie,R05,Feb,2019,RH,,
457,D176-R6-Aug2019-16S-LE,D176,Clatskanie,R06,Aug,2019,LE,,
458,D176-R8-Aug2019-16S-LE,D176,Clatskanie,R08,Aug,2019,LE,,
269,D176-r9-Aug2018-16S,D176,Clatskanie,R09,Aug,2018,RH,,
173,D176-R9-Fall2018-16S,D176,Clatskanie,R09,Oct,2018,RH,,
617,D176-R9-Jun2018-16S-LE,D176,Clatskanie,R09,June,2018,LE,,
554,D176-R9-Oct2018-16S-LE,D176,Clatskanie,R09,Oct,2018,LE,,
81,D176-R9-Winter2019-16S,D176,Clatskanie,R09,Feb,2019,RH,,
459,D17671-R11-Oct2019-16S-LE,D176,Clatskanie,R11,Oct,2019,LE,,
174,D411-r14-Jun2017-16S,D411,Clatskanie,R14,June,2017,RH,,
364,D411-r15-Aug2019-16S,D411,Clatskanie,R15,Aug,2019,RH,,
365,D411-r15-Feb2018-16S,D411,Clatskanie,R15,Feb,2018,RH,,
82,D411-R15-Jun2019-16S,D411,Clatskanie,R15,June,2019,RH,,
555,D411-R15-Jun2019-16S-LE,D411,Clatskanie,R15,June,2019,LE,,
270,D411-r15-Oct2019-16S,D411,Clatskanie,R15,Oct,2019,RH,,
460,D411-R15-Oct2019-16S-LE,D411,Clatskanie,R15,Oct,2019,LE,,
,D411-r15-Oct2019-16S-REDO,D411,Clatskanie,R15,Oct,2019,RH,,
271,D411-r17-Aug2018-16S,D411,Clatskanie,R17,Aug,2018,RH,,
366,D411-r17-Aug2019-16S,D411,Clatskanie,R17,Aug,2019,RH,,
461,D411-R17-Aug2019-16S-LE,D411,Clatskanie,R17,Aug,2019,LE,,
175,D411-R17-Fall2018-16S,D411,Clatskanie,R17,Oct,2018,RH,,
176,D411-R17-Jan2019-16S,D411,Clatskanie,R17,June,2018,RH,,
618,D411-R17-Jun2018-16S-LE,D411,Clatskanie,R17,June,2018,LE,,
556,D411-R17-Oct2018-16S-LE,D411,Clatskanie,R17,Oct,2018,LE,,
83,D411-R17-Winter2019-16S,D411,Clatskanie,R17,Feb,2019,RH,,
272,D411-r22-Aug2018-16S,D411,Clatskanie,R22,Aug,2018,RH,,
177,D411-R22-Jan2019-16S,D411,Clatskanie,R22,June,2018,RH,,
557,D411-R22-Oct2018-16S-LE,D411,Clatskanie,R22,Oct,2018,LE,,
84,D411-R22-Winter2019-16S,D411,Clatskanie,R22,Feb,2019,RH,,
178,D411-r23-Jun2017-16S,D411,Clatskanie,R23,June,2017,RH,,
462,D411-R26-Aug2019-16S-LE,D411,Clatskanie,R26,Aug,2019,LE,,
367,D411-r26-Feb2018-16S,D411,Clatskanie,R26,Feb,2018,RH,,
,D411-r26-Feb2018-16S-REDO,D411,Clatskanie,R26,Feb,2018,RH,,
85,D411-R26-Jun2019-16S,D411,Clatskanie,R26,June,2019,RH,,
558,D411-R26-Jun2019-16S-LE,D411,Clatskanie,R26,June,2019,LE,,
273,D411-r26-Oct2019-16S,D411,Clatskanie,R26,Oct,2019,RH,,
463,D411-R26-Oct2019-16S-LE,D411,Clatskanie,R26,Oct,2019,LE,,
464,D411-R4-Aug2019-16S-LE,D411,Clatskanie,R04,Aug,2019,LE,,
368,D411-r4-Feb2018-16S,D411,Clatskanie,R04,Feb,2018,RH,,
86,D411-R4-Jun2019-16S,D411,Clatskanie,R04,June,2019,RH,,
559,D411-R4-Jun2019-16S-LE,D411,Clatskanie,R04,June,2019,LE,,
274,D411-r4-Oct2019-16S,D411,Clatskanie,R04,Oct,2019,RH,,
465,D411-R4-Oct2019-16S-LE,D411,Clatskanie,R04,Oct,2019,LE,,
466,D411-R5-Aug2019-16S-LE,D411,Clatskanie,R05,Aug,2019,LE,,
275,D411-r6-Jun2017-16S,D411,Clatskanie,R06,June,2017,RH,,
276,D411-r7-Aug2018-16S,D411,Clatskanie,R07,Aug,2018,RH,,
179,D411-R7-Fall2018-16S,D411,Clatskanie,R07,Oct,2018,RH,,
180,D411-R7-Jan2019-16S,D411,Clatskanie,R07,June,2018,RH,,
619,D411-R7-Oct2018-16S-LE,D411,Clatskanie,R07,Oct,2018,LE,,
369,D411-r8-Aug2019-16S,D411,Clatskanie,R08,Aug,2019,RH,,
467,D411-R8-Aug2019-16S-LE,D411,Clatskanie,R08,Aug,2019,LE,,
87,D411-R8-Winter2019-16S,D411,Clatskanie,R08,Feb,2019,RH,,
370,DD176-r11-Feb2018-16S,D176,Clatskanie,R11,Feb,2018,RH,,
277,DD176-r12-Jun2017-16S,D176,Clatskanie,R12,June,2017,RH,,
181,DD176-r15-Jun2017-16S,D176,Clatskanie,R15,June,2017,RH,,
371,DD176-r17-Feb2018-16S,D176,Clatskanie,R17,Feb,2018,RH,,
372,DD176-r5-Feb2018-16S,D176,Clatskanie,R05,Feb,2018,RH,,
182,DD176-R5-Jan2019-16S,D176,Clatskanie,R05,June,2018,RH,,
278,DD176-r7-Jun2017-16S,D176,Clatskanie,R07,June,2017,RH,,
183,DD176-R9-Jan2019-16S,D176,Clatskanie,R09,June,2018,RH,,
373,GW9823-corv-r1-Aug2018-16S,GW9823,Corvallis,R01,Aug,2018,RH,,
374,GW9823-corv-r1-Aug2019-16S,GW9823,Corvallis,R01,Aug,2019,RH,,
,GW9823-corv-r1-Aug2019-16S-REDO,GW9823,Corvallis,R01,Aug,2019,RH,,
184,GW9823-corv-R1-Jan2019-16S,GW9823,Corvallis,R01,June,2018,RH,,
88,GW9823-Corv-R1-Winter2019-16S,GW9823,Corvallis,R01,Feb,2019,RH,,
185,GW9823-corv-r12-Jun2017-16S,GW9823,Corvallis,R12,June,2017,RH,,
279,GW9823-corv-r3-Jun2017-16S,GW9823,Corvallis,R03,June,2017,RH,,
375,GW9823-corv-r5-Feb2018-16S,GW9823,Corvallis,R05,Feb,2018,RH,,
89,GW9823-Corv-R5-Jun2019-16S,GW9823,Corvallis,R05,June,2019,RH,,
280,GW9823-corv-r5-Oct2019-16S,GW9823,Corvallis,R05,Oct,2019,RH,,
,GW9823-corv-r5-Oct2019-16S-REDO,GW9823,Corvallis,R05,Oct,2019,RH,,
186,GW9823-corv-r7-Jun2017-16S,GW9823,Corvallis,R07,June,2017,RH,,
281,GW9823-corv-r8-Aug2018-16S,GW9823,Corvallis,R08,Aug,2018,RH,,
187,GW9823-corv-R8-Fall2018-16S,GW9823,Corvallis,R08,Oct,2018,RH,,
188,GW9823-corv-R8-Jan2019-16S,GW9823,Corvallis,R08,June,2018,RH,,
621,GW9823-corv-R8-Jun2018-16S-LE,GW9823,Corvallis,R08,June,2018,LE,,
622,GW9823-corv-R8-Oct2018-16S-LE,GW9823,Corvallis,R08,Oct,2018,LE,,
90,GW9823-Corv-R8-Winter2019-16S,GW9823,Corvallis,R08,Feb,2019,RH,,
282,GW9823-r12-Jun2017-16S,GW9823,Clatskanie,R12,June,2017,RH,,
468,GW9823-R13-Aug2019-16S-LE,GW9823,Clatskanie,R13,Aug,2019,LE,,
561,GW9823-R28-Aug2019-16S-LE,GW9823,Clatskanie,R28,Aug,2019,LE,,
283,GW9823-r32-Aug2018-16S,GW9823,Clatskanie,R32,Aug,2018,RH,,
189,GW9823-R32-Fall2018-16S,GW9823,Clatskanie,R32,Oct,2018,RH,,
190,GW9823-R32-Jan2019-16S,GW9823,Clatskanie,R32,June,2018,RH,,
623,GW9823-R32-Jun2018-16S-LE,GW9823,Clatskanie,R32,June,2018,LE,,
624,GW9823-R32-Oct2018-16S-LE,GW9823,Clatskanie,R32,Oct,2018,LE,,
91,GW9823-R32-Winter2019-16S,GW9823,Clatskanie,R32,Feb,2019,RH,,
376,GW9823-r35-Aug2019-16S,GW9823,Clatskanie,R35,Aug,2019,RH,,
469,GW9823-R35-Aug2019-16S-LE,GW9823,Clatskanie,R35,Aug,2019,LE,,
377,GW9823-r35-Feb2018-16S,GW9823,Clatskanie,R35,Feb,2018,RH,,
92,GW9823-R35-Jun2019-16S,GW9823,Clatskanie,R35,June,2019,RH,,
562,GW9823-R35-Jun2019-16S-LE,GW9823,Clatskanie,R35,June,2019,LE,,
284,GW9823-r35-Oct2019-16S,GW9823,Clatskanie,R35,Oct,2019,RH,,
470,GW9823-R35-Oct2019-16S-LE,GW9823,Clatskanie,R35,Oct,2019,LE,,
,GW9823-r35-Oct2019-16S-REDO,GW9823,Clatskanie,R35,Oct,2019,RH,,
285,GW9823-r43-Aug2018-16S,GW9823,Clatskanie,R43,Aug,2018,RH,,
378,GW9823-r43-Jun2018-16S,GW9823,Clatskanie,R43,June,2018,RH,,
625,GW9823-R43-Jun2018-16S-LE,GW9823,Clatskanie,R43,June,2018,LE,,
563,GW9823-R43-Oct2018-16S-LE,GW9823,Clatskanie,R43,Oct,2018,LE,,
93,GW9823-R43-Winter2019-16S,GW9823,Clatskanie,R43,Feb,2019,RH,,
286,GW9823-r48-Jun2017-16S,GW9823,Clatskanie,R48,June,2017,RH,,
379,GW9823-r49-Aug2019-16S,GW9823,Clatskanie,R49,Aug,2019,RH,,
471,GW9823-R49-Aug2019-16S-LE,GW9823,Clatskanie,R49,Aug,2019,LE,,
,GW9823-r49-Aug2019-16S-REDO,GW9823,Clatskanie,R49,Aug,2019,RH,,
380,GW9823-r49-Feb2018-16S,GW9823,Clatskanie,R49,Feb,2018,RH,,
94,GW9823-R49-Jun2019-16S,GW9823,Clatskanie,R49,June,2019,RH,,
564,GW9823-R49-Jun2019-16S-LE,GW9823,Clatskanie,R49,June,2019,LE,,
287,GW9823-r49-Oct2019-16S,GW9823,Clatskanie,R49,Oct,2019,RH,,
472,GW9823-R49-Oct2019-16S-LE,GW9823,Clatskanie,R49,Oct,2019,LE,,
,GW9823-R49-Oct2019-16S-LE-REDO,GW9823,Clatskanie,R49,Oct,2019,LE,,
381,GW9823-r5-Aug2019-16S,GW9823,Clatskanie,R05,Aug,2019,RH,,
382,GW9823-r5-Feb2018-16S,GW9823,Clatskanie,R05,Feb,2018,RH,,
95,GW9823-R5-Jun2019-16S,GW9823,Clatskanie,R05,June,2019,RH,,
565,GW9823-R5-Jun2019-16S-LE,GW9823,Clatskanie,R05,June,2019,LE,,
288,GW9823-r5-Oct2019-16S,GW9823,Clatskanie,R05,Oct,2019,RH,,
473,GW9823-R5-Oct2019-16S-LE,GW9823,Clatskanie,R05,Oct,2019,LE,,
474,GW9823-R6-Aug2019-16S-LE,GW9823,Clatskanie,R06,Aug,2019,LE,,
383,GW9823-r8-Aug2018-16S,GW9823,Clatskanie,R08,Aug,2018,RH,,
192,GW9823-R8-Jan2019-16S,GW9823,Clatskanie,R08,June,2018,RH,,
384,GW9823-r8-Jun2018-16S,GW9823,Clatskanie,R08,June,2018,RH,,
626,GW9823-R8-Jun2018-16S-LE,GW9823,Clatskanie,R08,June,2018,LE,,
,GW9823-r8-Jun2018-16S-REDO,GW9823,Clatskanie,R08,June,2018,RH,,
96,GW9823-R8-Winter2019-16S,GW9823,Clatskanie,R08,Feb,2019,RH,,
475,GW9823corv-R1-Aug2019-16S-LE,GW9823,Corvallis,R01,Aug,2019,LE,,
627,GW9823corv-R1-Jun2018-16S-LE,GW9823,Corvallis,R01,June,2018,LE,,
566,GW9823corv-R1A-Oct2018-16S-LE,GW9823,Corvallis,R01,Oct,2018,LE,,
476,GW9823corv-R5-Aug2019-16S-LE,GW9823,Corvallis,R05,Aug,2019,LE,,
568,GW9823corv-R5-Jun2019-16S-LE,GW9823,Corvallis,R05,June,2019,LE,,
477,GW9823corv-R5-Oct2019-16S-LE,GW9823,Corvallis,R05,Oct,2019,LE,,
628,S1-16S-RE-PL1-2,BESC801,Clatskanie,R41,June,2018,RE,S1,
629,S10-16S-RE-PL1-2,BESC835,Corvallis,R06,June,2018,RE,S10,
,S10-16S-RE-PL1-2-REDO,BESC835,Corvallis,R06,June,2018,RE,,
630,S100-16S-RE-PL1-2,D411,Clatskanie,R07,Oct,2018,RE,S100,
631,S101-16S-RE-PL1-2,BESC71,Clatskanie,R44,Oct,2018,RE,S101,
632,S102-16S-RE-PL1-2,BESC261,Corvallis,R02,Oct,2018,RE,S102,
633,S103-16S-RE-PL1-2,BESC103,Corvallis,R16,Oct,2018,RE,S103,
634,S104-16S-RE-PL1-2,BESC801,Clatskanie,R16,Oct,2018,RE,S104,
635,S105-16S-RE-PL1-2,BESC148,Clatskanie,R01,Oct,2018,RE,S105,
636,S106-16S-RE-PL1-2,BESC261,Corvallis,R10,Oct,2018,RE,S106,
,S106-16S-RE-PL1-2-REDO,BESC261,Corvallis,R10,Oct,2018,RE,,
637,S107-16S-RE-PL1-2,GW9823,Corvallis,R01,Oct,2018,RE,S107,
638,S108-16S-RE-PL1-2,BESC103,Corvallis,R09,Oct,2018,RE,S108,
639,S109-16S-RE-PL1-2,BESC148,Clatskanie,R17,Oct,2018,RE,S109,
,S109-16S-RE-PL1-2-REDO,BESC148,Clatskanie,R17,Oct,2018,RE,,
819,S10A-P3-Root-16S-RE,BESC22,Corvallis,R07,Aug,2019,RE,S10A_P3_Root_16S,
,S10A-P3-Root-16S-RE-REDO,BESC22,Corvallis,R07,Aug,2019,RE,,
820,S10A-P4-Root-16S-RE,BESC801,Clatskanie,R08,Oct,2019,RE,S10A_P4_Root_16S,
821,S10B-P4-Root-16S-RE,BESC801,Clatskanie,R23,Oct,2019,RE,S10B_P4_Root_16S,
822,S10C-P4-Root-16S-RE,GW9823,Corvallis,R05,Oct,2019,RE,S10C_P4_Root_16S,
,S10C-P4-Root-16S-RE-REDO,GW9823,Corvallis,R05,Oct,2019,RE,,
823,S10D-P4-Root-16S-RE,D411,Clatskanie,R04,Oct,2019,RE,S10D_P4_Root_16S,
824,S10E-P4-Root-16S-RE,BESC835,Corvallis,R12,Oct,2019,RE,S10E_P4_Root_16S,
825,S10F-P4-Root-16S-RE,BESC71,Clatskanie,R09,Oct,2019,RE,S10F_P4_Root_16S,
826,S10G-P4-Root-16S-RE,BESC103,Corvallis,R06,Oct,2019,RE,S10G_P4_Root_16S,
827,S10H-P4-Root-16S-RE,D176,Clatskanie,R05,Oct,2019,RE,S10H_P4_Root_16S,
640,S11-16S-RE-PL1-2,BESC148,Clatskanie,R17,June,2018,RE,S11,
,S11-16S-RE-PL1-2-REDO,BESC148,Clatskanie,R17,June,2018,RE,,
641,S110-16S-RE-PL1-2,BESC835,Clatskanie,R10,Oct,2018,RE,S110,
642,S111-16S-RE-PL1-2,GW9823,Clatskanie,R32,Oct,2018,RE,S111,
643,S112-16S-RE-PL1-2,D411,Clatskanie,R17,Oct,2018,RE,S112,
644,S113-16S-RE-PL1-2,BESC801,Corvallis,R07,Oct,2018,RE,S113,
645,S114-16S-RE-PL1-2,BESC801,Clatskanie,R09,Oct,2018,RE,S114,
646,S115-16S-RE-PL1-2,BESC835,Corvallis,R06,Oct,2018,RE,S115,
647,S116-16S-RE-PL1-2,BESC22,Corvallis,R16,Oct,2018,RE,S116,
648,S117-16S-RE-PL1-2,BESC103,Corvallis,R03,Oct,2018,RE,S117,
649,S118-16S-RE-PL1-2,BESC22,Corvallis,R11,Oct,2018,RE,S118,
,S118-16S-RE-PL1-2-REDO,BESC22,Corvallis,R11,Oct,2018,RE,,
650,S119-16S-RE-PL1-2,BESC148,Clatskanie,R08,Oct,2018,RE,S119,
828,S11A-P4-Root-16S-RE,,Corvallis,R12,Oct,2019,RE,S11A_P4_Root_16S,besc corv #12
829,S11B-P4-Root-16S-RE,BESC103,Clatskanie,R07,Oct,2019,RE,S11B_P4_Root_16S,
830,S11C-P4-Root-16S-RE,BESC148,Corvallis,R04,Oct,2019,RE,S11C_P4_Root_16S,
,S11C-P4-Root-16S-RE-REDO,BESC148,Corvallis,R04,Oct,2019,RE,,
831,S11D-P4-Root-16S-RE,BESC835,Clatskanie,R41,Oct,2019,RE,S11D_P4_Root_16S,
832,S11E-P4-Root-16S-RE,BESC148,Clatskanie,R11,Oct,2019,RE,S11E_P4_Root_16S,
833,S11F-P4-Root-16S-RE,BESC103,Clatskanie,R41,Oct,2019,RE,S11F_P4_Root_16S,
834,S11G-P4-Root-16S-RE,BESC22,Corvallis,R07,Oct,2019,RE,S11G_P4_Root_16S,
835,S11H-P4-Root-16S-RE,BESC71,Corvallis,R05,Oct,2019,RE,S11H_P4_Root_16S,
651,S12-16S-RE-PL1-2,BESC148,Clatskanie,R08,June,2018,RE,S12,
,S12-16S-RE-PL1-2-REDO,BESC148,Clatskanie,R08,June,2018,RE,,
652,S120-16S-RE-PL1-2,D176,Clatskanie,R17,Oct,2018,RE,S120,
653,S121-16S-RE-PL1-2,D411,Clatskanie,R22,Oct,2018,RE,S121,
654,S122-16S-RE-PL1-2,GW9823,Clatskanie,R43,Oct,2018,RE,S122,
,S122-16S-RE-PL1-2-REDO,GW9823,Clatskanie,R43,Oct,2018,RE,,
655,S123-16S-RE-PL1-2,D176,Clatskanie,R09,Oct,2018,RE,S123,
656,S124-16S-RE-PL1-2,D176,Clatskanie,R05,Oct,2018,RE,S124,
,S124-16S-RE-PL1-2-REDO,D176,Clatskanie,R05,Oct,2018,RE,,
657,S125-16S-RE-PL1-2,BESC801,Clatskanie,R03,Oct,2018,RE,S125,
658,S126-16S-RE-PL1-2,BESC261,Corvallis,R16,Oct,2018,RE,S126,
659,S127-16S-RE-PL1-2,BESC22,Corvallis,R06,Oct,2018,RE,S127,
660,S128-16S-RE-PL1-2,BESC71,Corvallis,R01,Oct,2018,RE,S128,
661,S129-16S-RE-PL1-2,GW9823,Clatskanie,R08,Oct,2018,RE,S129,
836,S12A-P4-Root-16S-RE,BESC71,Corvallis,R17,Oct,2019,RE,S12A_P4_Root_16S,
837,S12B-P4-Root-16S-RE,D176,Clatskanie,R11,Oct,2019,RE,S12B_P4_Root_16S,
662,S13-16S-RE-PL1-2,BESC148,Clatskanie,R04,June,2018,RE,S13,
,S13-16S-RE-PL1-2-REDO,BESC148,Clatskanie,R04,June,2018,RE,,
663,S130-16S-RE-PL1-2,BESC801,Corvallis,R17,Oct,2018,RE,S130,
,S130-16S-RE-PL1-2-REDO,BESC801,Corvallis,R17,Oct,2018,RE,,
664,S131-16S-RE-PL1-2,BESC71,Corvallis,R17,Oct,2018,RE,S131,
665,S132-16S-RE-PL1-2,BESC835,Clatskanie,R41,Oct,2018,RE,S132,
,S132-16S-RE-PL1-2-REDO,BESC835,Clatskanie,R41,Oct,2018,RE,,
666,S133-16S-RE-PL1-2,BESC148,Corvallis,R07,Oct,2018,RE,S133,
667,S134-16S-RE-PL1-2,BESC103,Clatskanie,R40,Oct,2018,RE,S134,
668,S135-16S-RE-PL1-2,BESC71,Clatskanie,R03,Oct,2018,RE,S135,
,S135-16S-RE-PL1-2-REDO,BESC71,Clatskanie,R03,Oct,2018,RE,,
669,S136-16S-RE-PL1-2,BESC835,Clatskanie,R23,Oct,2018,RE,S136,
670,S137-16S-RE-PL1-2,BESC103,Clatskanie,R11,Oct,2018,RE,S137,
671,S138-16S-RE-PL1-2,BESC801,Clatskanie,R41,Oct,2018,RE,S138,
,S138-16S-RE-PL1-2-REDO,BESC801,Clatskanie,R41,Oct,2018,RE,,
672,S139-16S-RE-PL1-2,BESC103,Clatskanie,R23,Oct,2018,RE,S139,
673,S14-16S-RE-PL1-2,BESC835,Corvallis,R16,June,2018,RE,S14,
674,S140-16S-RE-PL1-2,BESC71,Corvallis,R09,Oct,2018,RE,S140,
675,S141-16S-RE-PL1-2,BESC71,Clatskanie,R21,Oct,2018,RE,S141,
676,S142-16S-RE-PL1-2,BESC148,Corvallis,R01,Oct,2018,RE,S142,
677,S143-16S-RE-PL1-2,BESC148,Clatskanie,R16,Feb,2019,RE,S143,
678,S144-16S-RE-PL1-2,BESC103,Clatskanie,R40,Feb,2019,RE,S144,
679,S145-16S-RE-PL1-2,BESC71,Clatskanie,R44,Feb,2019,RE,S145,
,S145-16S-RE-PL1-2-REDO,BESC71,Clatskanie,R44,Feb,2019,RE,,
680,S146-16S-RE-PL1-2,BESC103,Corvallis,R03,Feb,2019,RE,S146,
,S146-16S-RE-PL1-2-REDO,BESC103,Corvallis,R03,Feb,2019,RE,,
681,S147-16S-RE-PL1-2,BESC103,Corvallis,R09,Feb,2019,RE,S147,
682,S148-16S-RE-PL1-2,BESC835,Corvallis,R14,Feb,2019,RE,S148,
,S148-16S-RE-PL1-2-REDO,BESC835,Corvallis,R14,Feb,2019,RE,,
683,S149-16S-RE-PL1-2,GW9823,Corvallis,R08,Feb,2019,RE,S149,
684,S15-16S-RE-PL1-2,BESC835,Corvallis,R14,June,2018,RE,S15,
,S15-16S-RE-PL1-2-REDO,BESC835,Corvallis,R14,June,2018,RE,,
685,S150-16S-RE-PL1-2,BESC801,Corvallis,R07,Feb,2019,RE,S150,
686,S151-16S-RE-PL1-2,BESC261,Corvallis,R10,Feb,2019,RE,S151,
687,S152-16S-RE-PL1-2,GW9823,Clatskanie,R32,Feb,2019,RE,S152,
,S152-16S-RE-PL1-2-REDO,GW9823,Clatskanie,R32,Feb,2019,RE,,
688,S153-16S-RE-PL1-2,BESC148,Corvallis,R07,Feb,2019,RE,S153,
689,S154-16S-RE-PL1-2,BESC835,Clatskanie,R10,Feb,2019,RE,S154,
690,S155-16S-RE-PL1-2,BESC261,Corvallis,R15,Feb,2019,RE,S155,
691,S156-16S-RE-PL1-2,BESC103,Clatskanie,R11,Feb,2019,RE,S156,
,S156-16S-RE-PL1-2-REDO,BESC103,Clatskanie,R11,Feb,2019,RE,,
692,S157-16S-RE-PL1-2,BESC261,Corvallis,R02,Feb,2019,RE,S157,
693,S158-16S-RE-PL1-2,BESC71,Corvallis,R01,Feb,2019,RE,S158,
694,S159-16S-RE-PL1-2,BESC71,Corvallis,R09,Feb,2019,RE,S159,
695,S16-16S-RE-PL1-2,D411,Clatskanie,R22,June,2018,RE,S16,
696,S160-16S-RE-PL1-2,BESC801,Corvallis,R09,Feb,2019,RE,S160,
697,S161-16S-RE-PL1-2,BESC148,Clatskanie,R01,Feb,2019,RE,S161,
698,S162-16S-RE-PL1-2,D411,Clatskanie,R22,Feb,2019,RE,S162,
699,S163-16S-RE-PL1-2,BESC801,Clatskanie,R03,Feb,2019,RE,S163,
700,S164-16S-RE-PL1-2,GW9823,Clatskanie,R43,Feb,2019,RE,S164,
701,S165-16S-RE-PL1-2,BESC103,Corvallis,R16,Feb,2019,RE,S165,
702,S166-16S-RE-PL1-2,D176,Clatskanie,R09,Feb,2019,RE,S166,
703,S167-16S-RE-PL1-2,GW9823,Clatskanie,R08,Feb,2019,RE,S167,
704,S168-16S-RE-PL1-2,D411,Clatskanie,R17,Feb,2019,RE,S168,
705,S169-16S-RE-PL1-2,BESC71,Corvallis,R17,Feb,2019,RE,S169,
,S169-16S-RE-PL1-2-REDO,BESC71,Corvallis,R17,Feb,2019,RE,,
706,S17-16S-RE-PL1-2,BESC103,Corvallis,R09,June,2018,RE,S17,
707,S170-16S-RE-PL1-2,BESC71,Clatskanie,R03,Feb,2019,RE,S170,
708,S171-16S-RE-PL1-2,BESC22,Corvallis,R16,Feb,2019,RE,S171,
709,S172-16S-RE-PL1-2,BESC835,Corvallis,R06,Feb,2019,RE,S172,
710,S173-16S-RE-PL1-2,D176,Clatskanie,R27,Feb,2019,RE,S173,
711,S174-16S-RE-PL1-2,BESC22,Corvallis,R11,Feb,2019,RE,S174,
,S174-16S-RE-PL1-2-REDO,BESC22,Corvallis,R11,Feb,2019,RE,,
712,S175-16S-RE-PL1-2,BESC103,Clatskanie,R23,Feb,2019,RE,S175,
713,S176-16S-RE-PL1-2,D176,Clatskanie,R05,Feb,2019,RE,S176,
714,S177-16S-RE-PL1-2,BESC801,Clatskanie,R41,Feb,2019,RE,S177,
,S177-16S-RE-PL1-2-REDO,BESC801,Clatskanie,R41,Feb,2019,RE,,
715,S178-16S-RE-PL1-2,BESC801,Clatskanie,R16,Feb,2019,RE,S178,
,S178-16S-RE-PL1-2-REDO,BESC801,Clatskanie,R16,Feb,2019,RE,,
716,S179-16S-RE-PL1-2,BESC835,Corvallis,R16,Feb,2019,RE,S179,
,S179-16S-RE-PL1-2-REDO,BESC835,Corvallis,R16,Feb,2019,RE,,
717,S18-16S-RE-PL1-2,BESC148,Clatskanie,R07,June,2018,RE,S18,
718,S180-16S-RE-PL1-2,BESC835,Clatskanie,R24,Feb,2019,RE,S180,
,S180-16S-RE-PL1-2-REDO,BESC835,Clatskanie,R24,Feb,2019,RE,,
719,S181-16S-RE-PL1-2,BESC801,Corvallis,R17,Feb,2019,RE,S181,
720,S182-16S-RE-PL1-2,BESC835,Clatskanie,R41,Feb,2019,RE,S182,
721,S183-16S-RE-PL1-2,BESC22,Corvallis,R04,Feb,2019,RE,S183,
722,S184-16S-RE-PL1-2,BESC71,Clatskanie,R21,Feb,2019,RE,S184,
723,S185-16S-RE-PL1-2,GW9823,Corvallis,R01,Feb,2019,RE,S185,
724,S186-16S-RE-PL1-2,BESC148,Corvallis,R01,Feb,2019,RE,S186,
725,S187-16S-RE-PL1-2,BESC148,Clatskanie,R08,Feb,2019,RE,S187,
726,S188-16S-RE-PL1-2,D411,Clatskanie,R08,Feb,2019,RE,S188,
,S188-16S-RE-PL1-2-REDO,D411,Clatskanie,R08,Feb,2019,RE,,
728,S19-16S-RE-PL1-2,BESC835,Clatskanie,R23,June,2018,RE,S19,
,S1A-16S-LE-REDO,D411,Clatskanie,R22,Aug,2018,LE,,
838,S1A-P3-Root-16S-RE,BESC261,Corvallis,R04,Aug,2019,RE,S1A_P3_Root_16S,
,S1A-P3-Root-16S-RE-REDO,BESC261,Corvallis,R04,Aug,2019,RE,,
839,S1A-P4-Root-16S-RE,BESC22,Corvallis,R16,Aug,2018,RE,S1A_P4_Root_16S,
,S1A-P4-Root-16S-RE-REDO,BESC22,Corvallis,R16,Aug,2018,RE,,
840,S1A-P5-Root-16S-RE,BESC835,Clatskanie,R22,June,2019,RE,S1A_P5_Root_16S,
,S1B-16S-LE-REDO,BESC148,Clatskanie,R17,Aug,2018,LE,,
841,S1B-P3-Root-16S-RE,BESC148,Corvallis,R05,Aug,2019,RE,S1B_P3_Root_16S,
842,S1B-P4-Root-16S-RE,GW9823,Clatskanie,R08,Aug,2018,RE,S1B_P4_Root_16S,
843,S1B-P5-Root-16S-RE,BESC261,Corvallis,R15,June,2019,RE,S1B_P5_Root_16S,
,S1C-16S-LE-REDO,BESC148,Clatskanie,R08,Aug,2018,LE,,
844,S1C-P3-Root-16S-RE,BESC835,Clatskanie,R11,Aug,2019,RE,S1C_P3_Root_16S,
845,S1C-P4-Root-16S-RE,BESC148,Clatskanie,R01,Aug,2018,RE,S1C_P4_Root_16S,
846,S1C-P5-Root-16S-RE,BESC71,Corvallis,R10,June,2019,RE,S1C_P5_Root_16S,
,S1D-16S-LE-REDO,BESC71,Corvallis,R01,Aug,2018,LE,,
847,S1D-P3-Root-16S-RE,GW9823,Clatskanie,R35,Aug,2019,RE,S1D_P3_Root_16S,
848,S1D-P4-Root-16S-RE,BESC103,Clatskanie,R23,Aug,2018,RE,S1D_P4_Root_16S,
849,S1D-P5-Root-16S-RE,D176,Clatskanie,R11,June,2019,RE,S1D_P5_Root_16S,
,S1E-16S-LE-REDO,BESC801,Corvallis,R09,Aug,2018,LE,,
850,S1E-P3-Root-16S-RE,BESC801,Clatskanie,R23,Aug,2019,RE,S1E_P3_Root_16S,
851,S1E-P4-Root-16S-RE,BESC835,Corvallis,R14,Aug,2018,RE,S1E_P4_Root_16S,
852,S1E-P5-Root-16S-RE,BESC801,Clatskanie,R44,June,2019,RE,S1E_P5_Root_16S,
,S1F-16S-LE-REDO,BESC801,Clatskanie,R44,June,2019,RE,,
853,S1F-P3-Root-16S-RE,BESC103,Corvallis,R03,Aug,2019,RE,S1F_P3_Root_16S,
854,S1F-P4-Root-16S-RE,BESC71,Clatskanie,R44,Aug,2018,RE,S1F_P4_Root_16S,
855,S1F-P5-Root-16S-RE,BESC103,Corvallis,R06,June,2019,RE,S1F_P5_Root_16S,
,S1G-16S-LE-REDO,BESC835,Corvallis,R16,Aug,2018,LE,,
856,S1G-P3-Root-16S-RE,BESC801,Clatskanie,R29,Aug,2019,RE,S1G_P3_Root_16S,
857,S1G-P4-Root-16S-RE,BESC801,Corvallis,R17,Aug,2018,RE,S1G_P4_Root_16S,
858,S1G-P5-Root-16S-RE,BESC22,Corvallis,R03,June,2019,RE,S1G_P5_Root_16S,
,S1H-16S-LE-REDO,BESC835,Corvallis,R14,Aug,2018,LE,,
859,S1H-P3-Root-16S-RE,BESC71,Clatskanie,R48,Aug,2019,RE,S1H_P3_Root_16S,
,S1H-P3-Root-16S-RE-REDO,BESC71,Clatskanie,R48,Aug,2019,RE,,
860,S1H-P4-Root-16S-RE,BESC835,Corvallis,R06,Aug,2018,RE,S1H_P4_Root_16S,
861,S1H-P5-Root-16S-RE,BESC835,Corvallis,R12,June,2019,RE,S1H_P5_Root_16S,
732,S2-16S-RE-PL1-2,BESC103,Clatskanie,R40,June,2018,RE,S2,
733,S20-16S-RE-PL1-2,BESC22,Corvallis,R11,June,2018,RE,S20,
734,S21-16S-RE-PL1-2,BESC71,Corvallis,R09,June,2018,RE,S21,
,S21-16S-RE-PL1-2-REDO,BESC71,Corvallis,R09,June,2018,RE,,
735,S22-16S-RE-PL1-2,BESC71,Clatskanie,R21,June,2018,RE,S22,
736,S23-16S-RE-PL1-2,BESC103,Clatskanie,R23,June,2018,RE,S23,
737,S24-16S-RE-PL1-2,BESC261,Corvallis,R10,June,2018,RE,S24,
738,S25-16S-RE-PL1-2,D176,Clatskanie,R09,June,2018,RE,S25,
739,S26-16S-RE-PL1-2,GW9823,Clatskanie,R32,June,2018,RE,S26,
740,S27-16S-RE-PL1-2,GW9823,Corvallis,R08,June,2018,RE,S27,
741,S28-16S-RE-PL1-2,BESC801,Corvallis,R16,June,2018,RE,S28,
,S28-16S-RE-PL1-2-REDO,BESC801,Corvallis,R16,June,2018,RE,,
742,S29-16S-RE-PL1-2,BESC801,Corvallis,R09,June,2018,RE,S29,
,S2A-16S-LE-REDO,BESC835,Corvallis,R06,Aug,2018,LE,,
862,S2A-P3-Root-16S-RE,BESC148,Corvallis,R04,Aug,2019,RE,S2A_P3_Root_16S,
863,S2A-P4-Root-16S-RE,D176,Clatskanie,R05,Aug,2018,RE,S2A_P4_Root_16S,
864,S2A-P5-Root-16S-RE,BESC71,Clatskanie,R09,June,2019,RE,S2A_P5_Root_16S,
,S2B-16S-LE-REDO,BESC22,Corvallis,R11,Aug,2018,LE,,
865,S2B-P3-Root-16S-RE,BESC103,Clatskanie,R24,Aug,2019,RE,S2B_P3_Root_16S,
,S2B-P3-Root-16S-RE-REDO,BESC103,Clatskanie,R24,Aug,2019,RE,,
866,S2B-P4-Root-16S-RE,GW9823,Clatskanie,R32,Aug,2018,RE,S2B_P4_Root_16S,
867,S2B-P5-Root-16S-RE,GW9823,Clatskanie,R49,June,2019,RE,S2B_P5_Root_16S,
,S2C-16S-LE-REDO,BESC261,Corvallis,R15,Aug,2018,LE,,
868,S2C-P3-Root-16S-RE,BESC835,Corvallis,R05,Aug,2019,RE,S2C_P3_Root_16S,
869,S2C-P4-Root-16S-RE,BESC801,Clatskanie,R41,Aug,2018,RE,S2C_P4_Root_16S,
870,S2C-P5-Root-16S-RE,BESC148,Corvallis,R04,June,2019,RE,S2C_P5_Root_16S,
,S2D-16S-LE-REDO,BESC835,Clatskanie,R41,Aug,2018,LE,,
872,S2D-P4-Root-16S-RE,GW9823,Clatskanie,R43,Aug,2018,RE,S2D_P4_Root_16S,
873,S2D-P5-Root-16S-RE,BESC835,Clatskanie,R42,June,2019,RE,S2D_P5_Root_16S,
,S2D-P5-Root-16S-RE-REDO,BESC835,Clatskanie,R42,June,2019,RE,,
,S2E-16S-LE-REDO,BESC103,Corvallis,R16,Aug,2018,LE,,
875,S2E-P4-Root-16S-RE,BESC71,Clatskanie,R21,Aug,2018,RE,S2E_P4_Root_16S,
876,S2E-P5-Root-16S-RE,BESC22,Corvallis,R07,June,2019,RE,S2E_P5_Root_16S,
,S2E-P5-Root-16S-RE-REDO,BESC22,Corvallis,R07,June,2019,RE,,
,S2F-16S-LE-REDO,BESC103,Clatskanie,R40,Aug,2018,LE,,
877,S2F-P3-Root-16S-RE,D411,Clatskanie,R15,Aug,2019,RE,S2F_P3_Root_16S,
878,S2F-P4-Root-16S-RE,BESC103,Clatskanie,R11,Aug,2018,RE,S2F_P4_Root_16S,
,S2F-P4-Root-16S-RE-REDO,BESC103,Clatskanie,R11,Aug,2018,RE,,
879,S2F-P5-Root-16S-RE,BESC801,Clatskanie,R23,June,2019,RE,S2F_P5_Root_16S,
,S2G-16S-LE-REDO,BESC71,Corvallis,R17,Aug,2018,LE,,
880,S2G-P3-Root-16S-RE,GW9823,Clatskanie,R03,Aug,2019,RE,S2G_P3_Root_16S,
881,S2G-P4-Root-16S-RE,BESC835,Corvallis,R16,Aug,2018,RE,S2G_P4_Root_16S,
882,S2G-P5-Root-16S-RE,BESC103,Corvallis,R14,June,2019,RE,S2G_P5_Root_16S,
,S2H-16S-LE-REDO,BESC71,Clatskanie,R44,Aug,2018,LE,,
883,S2H-P3-Root-16S-RE,BESC801,Corvallis,R11,Aug,2019,RE,S2H_P3_Root_16S,
,S2H-P3-Root-16S-RE-REDO,BESC801,Corvallis,R11,Aug,2019,RE,,
884,S2H-P4-Root-16S-RE,BESC261,Corvallis,R15,Aug,2018,RE,S2H_P4_Root_16S,
885,S2H-P5-Root-16S-RE,BESC261,Corvallis,R11,June,2019,RE,S2H_P5_Root_16S,
743,S3-16S-RE-PL1-2,BESC71,Corvallis,R17,June,2018,RE,S3,
744,S30-16S-RE-PL1-2,BESC835,Clatskanie,R10,June,2018,RE,S30,
,S30-16S-RE-PL1-2-REDO,BESC835,Clatskanie,R10,June,2018,RE,,
745,S31-16S-RE-PL1-2,BESC148,Corvallis,R01,June,2018,RE,S31,
746,S32-16S-RE-PL1-2,BESC261,Corvallis,R02,June,2018,RE,S32,
,S32-16S-RE-PL1-2-REDO,BESC261,Corvallis,R02,June,2018,RE,,
747,S33-16S-RE-PL1-2,BESC22,Corvallis,R06,June,2018,RE,S33,
748,S34-16S-RE-PL1-2,D411,Clatskanie,R17,June,2018,RE,S34,
749,S35-16S-RE-PL1-2,BESC801,Corvallis,R07,June,2018,RE,S35,
750,S36-16S-RE-PL1-2,BESC71,Clatskanie,R03,June,2018,RE,S36,
,S36-16S-RE-PL1-2-REDO,BESC71,Clatskanie,R03,June,2018,RE,,
751,S37-16S-RE-PL1-2,BESC71,Corvallis,R01,June,2018,RE,S37,
752,S38-16S-RE-PL1-2,BESC103,Clatskanie,R11,June,2018,RE,S38,
753,S39-16S-RE-PL1-2,GW9823,Corvallis,R01,June,2018,RE,S39,
,S39-16S-RE-PL1-2-REDO,GW9823,Corvallis,R01,June,2018,RE,,
,S3A-16S-LE-REDO,BESC801,Corvallis,R17,Aug,2018,LE,,
886,S3A-P3-Root-16S-RE,BESC71,Clatskanie,R21,Aug,2019,RE,S3A_P3_Root_16S,
887,S3A-P4-Root-16S-RE,BESC801,Corvallis,R07,Aug,2018,RE,S3A_P4_Root_16S,
888,S3A-P5-Root-16S-RE,BESC71,Corvallis,R05,June,2019,RE,S3A_P5_Root_16S,
,S3B-16S-LE-REDO,BESC801,Clatskanie,R41,Aug,2018,LE,,
889,S3B-P3-Root-16S-RE,D411,Clatskanie,R17,Aug,2019,RE,S3B_P3_Root_16S,
890,S3B-P4-Root-16S-RE,D176,Clatskanie,R17,Aug,2018,RE,S3B_P4_Root_16S,
891,S3B-P5-Root-16S-RE,BESC148,Clatskanie,R05,June,2019,RE,S3B_P5_Root_16S,
,S3C-16S-LE-REDO,GW9823,Clatskanie,R43,Aug,2018,LE,,
892,S3C-P3-Root-16S-RE,BESC148,Clatskanie,R15,Aug,2019,RE,S3C_P3_Root_16S,
,S3C-P3-Root-16S-RE-REDO,BESC148,Clatskanie,R15,Aug,2019,RE,,
893,S3C-P4-Root-16S-RE,BESC835,Clatskanie,R41,Aug,2018,RE,S3C_P4_Root_16S,
894,S3C-P5-Root-16S-RE,BESC801,Corvallis,R02,June,2019,RE,S3C_P5_Root_16S,
,S3D-16S-LE-REDO,D176,Clatskanie,R17,Aug,2018,LE,,
895,S3D-P3-Root-16S-RE,D176,Clatskanie,R05,Aug,2019,RE,S3D_P3_Root_16S,
896,S3D-P4-Root-16S-RE,D411,Clatskanie,R22,Aug,2018,RE,S3D_P4_Root_16S,
897,S3D-P5-Root-16S-RE,BESC261,Corvallis,R06,June,2019,RE,S3D_P5_Root_16S,
898,S3E-P3-Root-16S-RE,GW9823,Corvallis,R01,Aug,2019,RE,S3E_P3_Root_16S,
899,S3E-P4-Root-16S-RE,D411,Clatskanie,R07,Aug,2018,RE,S3E_P4_Root_16S,
900,S3E-P5-Root-16S-RE,BESC71,Clatskanie,R48,June,2019,RE,S3E_P5_Root_16S,
,S3E-P5-Root-16S-RE-REDO,BESC71,Clatskanie,R48,June,2019,RE,,
,S3F-16S-LE-REDO,BESC261,Corvallis,R10,Aug,2018,LE,,
901,S3F-P3-Root-16S-RE,BESC148,Corvallis,R01,Aug,2019,RE,S3F_P3_Root_16S,
902,S3F-P4-Root-16S-RE,D176,Clatskanie,R09,Aug,2018,RE,S3F_P4_Root_16S,
903,S3F-P5-Root-16S-RE,BESC148,Clatskanie,R22,June,2019,RE,S3F_P5_Root_16S,
904,S3G-P3-Root-16S-RE,BESC835,Corvallis,R02,Aug,2019,RE,S3G_P3_Root_16S,
905,S3G-P4-Root-16S-RE,BESC71,Corvallis,R09,Aug,2018,RE,S3G_P4_Root_16S,
,S3G-P4-Root-16S-RE-REDO,BESC71,Corvallis,R09,Aug,2018,RE,,
906,S3G-P5-Root-16S-RE,BESC103,Clatskanie,R24,June,2019,RE,S3G_P5_Root_16S,
,S3H-16S-LE-REDO,BESC835,Clatskanie,R23,Aug,2018,LE,,
907,S3H-P3-Root-16S-RE,BESC71,Clatskanie,R27,Aug,2019,RE,S3H_P3_Root_16S,
908,S3H-P4-Root-16S-RE,BESC103,Corvallis,R03,Aug,2018,RE,S3H_P4_Root_16S,
909,S3H-P5-Root-16S-RE,BESC22,Corvallis,R15,June,2019,RE,S3H_P5_Root_16S,
754,S4-16S-RE-PL1-2,BESC71,Clatskanie,R44,June,2018,RE,S4,
755,S40-16S-RE-PL1-2,D176,Clatskanie,R17,June,2018,RE,S40,
756,S41-16S-RE-PL1-2,D176,Clatskanie,R05,June,2018,RE,S41,
757,S42-16S-RE-PL1-2,GW9823,Clatskanie,R08,June,2018,RE,S42,
758,S43-16S-RE-PL1-2,BESC103,Corvallis,R03,June,2018,RE,S43,
759,S44-16S-RE-PL1-2,BESC801,Clatskanie,R03,June,2018,RE,S44,
,S44-16S-RE-PL1-2-REDO,BESC801,Clatskanie,R03,June,2018,RE,,
760,S45-16S-RE-PL1-2,BESC835,Clatskanie,R08,Feb,2018,RE,S45,
761,S46-16S-RE-PL1-2,BESC148,Clatskanie,R22,Feb,2018,RE,S46,
762,S47-16S-RE-PL1-2,BESC835,Corvallis,R01,Feb,2018,RE,S47,
763,S48-16S-RE-PL1-2,BESC148,Clatskanie,R11,Feb,2018,RE,S48,
764,S49-16S-RE-PL1-2,BESC148,Clatskanie,R05,Feb,2018,RE,S49,
,S4A-16S-LE-REDO,BESC103,Corvallis,R09,Aug,2018,LE,,
910,S4A-P3-Root-16S-RE,BESC71,Corvallis,R10,Aug,2019,RE,S4A_P3_Root_16S,
911,S4A-P4-Root-16S-RE,BESC148,Clatskanie,R17,Aug,2018,RE,S4A_P4_Root_16S,
,S4A-P4-Root-16S-RE-REDO,BESC148,Clatskanie,R17,Aug,2018,RE,,
912,S4A-P5-Root-16S-RE,GW9823,Clatskanie,R35,June,2019,RE,S4A_P5_Root_16S,
,S4B-16S-LE-REDO,BESC103,Clatskanie,R23,Aug,2018,LE,,
913,S4B-P3-Root-16S-RE,D411,Clatskanie,R08,Aug,2019,RE,S4B_P3_Root_16S,
,S4B-P3-Root-16S-RE-REDO,D411,Clatskanie,R08,Aug,2019,RE,,
914,S4B-P4-Root-16S-RE,BESC22,Corvallis,R06,Aug,2018,RE,S4B_P4_Root_16S,
915,S4B-P5-Root-16S-RE,D411,Clatskanie,R15,June,2019,RE,S4B_P5_Root_16S,
,S4B-P5-Root-16S-RE-REDO,D411,Clatskanie,R15,June,2019,RE,,
,S4C-16S-LE-REDO,BESC71,Clatskanie,R09,Aug,2018,LE,,
916,S4C-P3-Root-16S-RE,GW9823,Corvallis,R05,Aug,2019,RE,S4C_P3_Root_16S,
,S4C-P3-Root-16S-RE-REDO,GW9823,Corvallis,R05,Aug,2019,RE,,
917,S4C-P4-Root-16S-RE,D411,Clatskanie,R17,Aug,2018,RE,S4C_P4_Root_16S,
918,S4C-P5-Root-16S-RE,BESC103,Clatskanie,R07,June,2019,RE,S4C_P5_Root_16S,
,S4D-16S-LE-REDO,BESC71,Clatskanie,R21,Aug,2018,LE,,
919,S4D-P3-Root-16S-RE,BESC835,Clatskanie,R08,Aug,2019,RE,S4D_P3_Root_16S,
920,S4D-P4-Root-16S-RE,BESC71,Clatskanie,R03,Aug,2018,RE,S4D_P4_Root_16S,
,S4D-P4-Root-16S-RE-REDO,BESC71,Clatskanie,R03,Aug,2018,RE,,
921,S4D-P5-Root-16S-RE,BESC148,Clatskanie,R11,June,2019,RE,S4D_P5_Root_16S,
,S4E-16S-LE-REDO,BESC835,Clatskanie,R10,Aug,2018,LE,,
922,S4E-P3-Root-16S-RE,BESC103,Corvallis,R06,Aug,2019,RE,S4E_P3_Root_16S,
923,S4E-P4-Root-16S-RE,BESC71,Corvallis,R01,Aug,2018,RE,S4E_P4_Root_16S,
924,S4E-P5-Root-16S-RE,BESC835,Corvallis,R05,June,2019,RE,S4E_P5_Root_16S,
,S4F-16S-LE-REDO,BESC801,Clatskanie,R16,Aug,2018,LE,,
925,S4F-P3-Root-16S-RE,BESC801,Clatskanie,R01,Aug,2019,RE,S4F_P3_Root_16S,
926,S4F-P4-Root-16S-RE,BESC103,Corvallis,R09,Aug,2018,RE,S4F_P4_Root_16S,
927,S4F-P5-Root-16S-RE,GW9823,Clatskanie,R05,June,2019,RE,S4F_P5_Root_16S,
,S4F-P5-Root-16S-RE-REDO,GW9823,Clatskanie,R05,June,2019,RE,,
,S4G-16S-LE-REDO,GW9823,Corvallis,R08,Aug,2018,LE,,
928,S4G-P3-Root-16S-RE,BESC71,Corvallis,R17,Aug,2019,RE,S4G_P3_Root_16S,
929,S4G-P4-Root-16S-RE,BESC835,Clatskanie,R23,Aug,2018,RE,S4G_P4_Root_16S,
,S4G-P4-Root-16S-RE-REDO,BESC835,Clatskanie,R23,Aug,2018,RE,,
930,S4G-P5-Root-16S-RE,D176,Clatskanie,R17,June,2019,RE,S4G_P5_Root_16S,
,S4H-16S-LE-REDO,GW9823,Clatskanie,R32,Aug,2018,LE,,
931,S4H-P3-Root-16S-RE,GW9823,Clatskanie,R28,Aug,2019,RE,S4H_P3_Root_16S,
,S4H-P3-Root-16S-RE-REDO,GW9823,Clatskanie,R28,Aug,2019,RE,,
932,S4H-P4-Root-16S-RE,BESC801,Clatskanie,R03,Aug,2018,RE,S4H_P4_Root_16S,
933,S4H-P5-Root-16S-RE,D176,Clatskanie,R05,June,2019,RE,S4H_P5_Root_16S,
765,S5-16S-RE-PL1-2,BESC801,Corvallis,R10,June,2018,RE,S5,
766,S50-16S-RE-PL1-2,BESC835,Corvallis,R12,Feb,2018,RE,S50,
767,S51-16S-RE-PL1-2,BESC835,Corvallis,R05,Feb,2018,RE,S51,
768,S52-16S-RE-PL1-2,BESC103,Clatskanie,R41,Feb,2018,RE,S52,
769,S53-16S-RE-PL1-2,BESC22,Corvallis,R15,Feb,2018,RE,S53,
770,S54-16S-RE-PL1-2,BESC261,Corvallis,R15,Feb,2018,RE,S54,
771,S55-16S-RE-PL1-2,BESC835,Clatskanie,R42,Feb,2018,RE,S55,
772,S56-16S-RE-PL1-2,BESC103,Corvallis,R14,Feb,2018,RE,S56,
773,S57-16S-RE-PL1-2,BESC801,Clatskanie,R07,Feb,2018,RE,S57,
774,S58-16S-RE-PL1-2,BESC71,Corvallis,R14,Feb,2018,RE,S58,
775,S59-16S-RE-PL1-2,BESC71,Clatskanie,R48,Feb,2018,RE,S59,
,S5A-16S-LE-REDO,D176,Clatskanie,R09,Aug,2018,LE,,
934,S5A-P3-Root-16S-RE,BESC71,Corvallis,R09,Aug,2019,RE,S5A_P3_Root_16S,
,S5A-P3-Root-16S-RE-REDO,BESC71,Corvallis,R09,Aug,2019,RE,,
935,S5A-P4-Root-16S-RE,BESC71,Corvallis,R17,Aug,2018,RE,S5A_P4_Root_16S,
936,S5A-P5-Root-16S-RE,BESC835,Clatskanie,R08,June,2019,RE,S5A_P5_Root_16S,
,S5B-16S-LE-REDO,D411,Clatskanie,R17,Aug,2018,LE,,
937,S5B-P3-Root-16S-RE,BESC801,Corvallis,R07,Aug,2019,RE,S5B_P3_Root_16S,
,S5B-P3-Root-16S-RE-REDO,BESC801,Corvallis,R07,Aug,2019,RE,,
938,S5B-P4-Root-16S-RE,GW9823,Corvallis,R01,Aug,2018,RE,S5B_P4_Root_16S,
939,S5B-P5-Root-16S-RE,BESC835,Corvallis,R01,June,2019,RE,S5B_P5_Root_16S,
,S5C-16S-LE-REDO,BESC22,Corvallis,R06,Aug,2018,LE,,
940,S5C-P3-Root-16S-RE,BESC801,Corvallis,R02,Aug,2019,RE,S5C_P3_Root_16S,
941,S5C-P4-Root-16S-RE,BESC22,Corvallis,R11,Aug,2018,RE,S5C_P4_Root_16S,
942,S5C-P5-Root-16S-RE,BESC103,Corvallis,R12,June,2019,RE,S5C_P5_Root_16S,
,S5D-16S-LE-REDO,BESC261,Corvallis,R02,Aug,2018,LE,,
943,S5D-P3-Root-16S-RE,BESC103,Clatskanie,R07,Aug,2019,RE,S5D_P3_Root_16S,
944,S5D-P4-Root-16S-RE,BESC835,Clatskanie,R10,Aug,2018,RE,S5D_P4_Root_16S,
945,S5D-P5-Root-16S-RE,D411,Clatskanie,R26,June,2019,RE,S5D_P5_Root_16S,
,S5E-16S-LE-REDO,BESC148,Corvallis,R01,Aug,2018,LE,,
946,S5E-P3-Root-16S-RE,BESC103,Corvallis,R14,Aug,2019,RE,S5E_P3_Root_16S,
947,S5E-P4-Root-16S-RE,BESC148,Clatskanie,R08,Aug,2018,RE,S5E_P4_Root_16S,
948,S5E-P5-Root-16S-RE,BESC801,Clatskanie,R08,June,2019,RE,S5E_P5_Root_16S,
,S5E-P5-Root-16S-RE-REDO,BESC801,Clatskanie,R08,June,2019,RE,,
,S5F-16S-LE-REDO,BESC103,Corvallis,R03,Aug,2018,LE,,
949,S5F-P3-Root-16S-RE,BESC148,Clatskanie,R05,Aug,2019,RE,S5F_P3_Root_16S,
950,S5F-P4-Root-16S-RE,BESC148,Corvallis,R07,Aug,2018,RE,S5F_P4_Root_16S,
951,S5F-P5-Root-16S-RE,BESC71,Corvallis,R17,June,2019,RE,S5F_P5_Root_16S,
,S5F-P5-Root-16S-RE-REDO,BESC71,Corvallis,R17,June,2019,RE,,
,S5G-16S-LE-REDO,BESC103,Clatskanie,R11,Aug,2018,LE,,
952,S5G-P3-Root-16S-RE,BESC261,Corvallis,R06,Aug,2019,RE,S5G_P3_Root_16S,
953,S5G-P4-Root-16S-RE,BESC261,Corvallis,R10,Aug,2018,RE,S5G_P4_Root_16S,
954,S5G-P5-Root-16S-RE,BESC103,Clatskanie,R41,June,2019,RE,S5G_P5_Root_16S,
,S5H-16S-LE-REDO,BESC71,Clatskanie,R03,Aug,2018,LE,,
955,S5H-P3-Root-16S-RE,BESC103,Corvallis,R09,Aug,2019,RE,S5H_P3_Root_16S,
,S5H-P3-Root-16S-RE-REDO,BESC103,Corvallis,R09,Aug,2019,RE,,
956,S5H-P4-Root-16S-RE,BESC801,Clatskanie,R16,Aug,2018,RE,S5H_P4_Root_16S,
957,S5H-P5-Root-16S-RE,BESC801,Corvallis,R11,June,2019,RE,S5H_P5_Root_16S,
776,S6-16S-RE-PL1-2,BESC103,Corvallis,R16,June,2018,RE,S6,
777,S60-16S-RE-PL1-2,BESC801,Corvallis,R17,Feb,2018,RE,S60,
778,S61-16S-RE-PL1-2,BESC801,Clatskanie,R44,Feb,2018,RE,S61,
779,S62-16S-RE-PL1-2,GW9823,Clatskanie,R49,Feb,2018,RE,S62,
780,S63-16S-RE-PL1-2,D176,Clatskanie,R17,Feb,2018,RE,S63,
781,S64-16S-RE-PL1-2,D411,Clatskanie,R26,Feb,2018,RE,S64,
782,S65-16S-RE-PL1-2,BESC22,Corvallis,R07,Feb,2018,RE,S65,
783,S66-16S-RE-PL1-2,GW9823,Corvallis,R05,Feb,2018,RE,S66,
784,S67-16S-RE-PL1-2,BESC801,Corvallis,R02,Feb,2018,RE,S67,
785,S68-16S-RE-PL1-2,D176,Clatskanie,R05,Feb,2018,RE,S68,
786,S69-16S-RE-PL1-2,D411,Clatskanie,R04,Feb,2018,RE,S69,
,S6A-16S-LE-REDO,,Corvallis,R07,Aug,2018,LE,,
958,S6A-P3-Root-16S-RE,BESC148,Corvallis,R07,Aug,2019,RE,S6A_P3_Root_16S,
,S6A-P3-Root-16S-RE-REDO,BESC148,Corvallis,R07,Aug,2019,RE,,
959,S6A-P4-Root-16S-RE,GW9823,Corvallis,R08,Aug,2018,RE,S6A_P4_Root_16S,
960,S6A-P5-Root-16S-RE,GW9823,Corvallis,R05,June,2019,RE,S6A_P5_Root_16S,
,S6A-P5-Root-16S-RE-REDO,GW9823,Corvallis,R05,June,2019,RE,,
,S6B-16S-LE-REDO,BESC801,Clatskanie,R03,Aug,2018,LE,,
961,S6B-P3-Root-16S-RE,BESC261,Corvallis,R15,Aug,2019,RE,S6B_P3_Root_16S,
,S6B-P3-Root-16S-RE-REDO,BESC261,Corvallis,R15,Aug,2019,RE,,
962,S6B-P4-Root-16S-RE,BESC148,Corvallis,R01,Aug,2018,RE,S6B_P4_Root_16S,
963,S6B-P5-Root-16S-RE,BESC71,Clatskanie,R27,June,2019,RE,S6B_P5_Root_16S,
,S6C-16S-LE-REDO,GW9823,Corvallis,R01,Aug,2018,LE,,
965,S6C-P4-Root-16S-RE,BESC103,Clatskanie,R40,Aug,2018,RE,S6C_P4_Root_16S,
,S6C-P4-Root-16S-RE-REDO,BESC103,Clatskanie,R40,Aug,2018,RE,,
966,S6C-P5-Root-16S-RE,D411,Clatskanie,R04,June,2019,RE,S6C_P5_Root_16S,
,S6D-16S-LE-REDO,GW9823,Clatskanie,R08,Aug,2018,LE,,
967,S6D-P3-Root-16S-RE,BESC835,Corvallis,R14,Aug,2019,RE,S6D_P3_Root_16S,
968,S6D-P4-Root-16S-RE,BESC261,Corvallis,R02,Aug,2018,RE,S6D_P4_Root_16S,
969,S6D-P5-Root-16S-RE,BESC148,Corvallis,R05,June,2019,RE,S6D_P5_Root_16S,
,S6E-16S-LE-REDO,D176,Clatskanie,R05,Aug,2018,LE,,
970,S6E-P3-Root-16S-RE,D411,Clatskanie,R17,Aug,2019,RE,S6E_P3_Root_16S,
,S6E-P3-Root-16S-RE-REDO,D411,Clatskanie,R17,Aug,2019,RE,,
971,S6E-P4-Root-16S-RE,BESC801,Corvallis,R09,Aug,2018,RE,S6E_P4_Root_16S,
,S6F-16S-LE-REDO,D411,Clatskanie,R07,Aug,2018,LE,,
972,S6F-P3-Root-16S-RE,D176,Clatskanie,R08,Aug,2019,RE,S6F_P3_Root_16S,
,S6F-P3-Root-16S-RE-REDO,D176,Clatskanie,R08,Aug,2019,RE,,
973,S6F-P4-Root-16S-RE,BESC103,Corvallis,R16,Aug,2019,RE,S6F_P4_Root_16S,
,S6G-16S-LE-REDO,BESC148,Corvallis,R07,Aug,2018,LE,,
974,S6G-P3-Root-16S-RE,BESC835,Corvallis,R12,Aug,2019,RE,S6G_P3_Root_16S,
975,S6G-P4-Root-16S-RE,BESC801,Corvallis,R11,Oct,2019,RE,S6G_P4_Root_16S,
,S6G-P4-Root-16S-RE-REDO,BESC801,Corvallis,R11,Oct,2019,RE,,
,S6H-16S-LE-REDO,,,,,,,,
976,S6H-P3-Root-16S-RE,D176,Clatskanie,R17,Aug,2019,RE,S6H_P3_Root_16S,
977,S6H-P4-Root-16S-RE,GW9823,Clatskanie,R05,Oct,2019,RE,S6H_P4_Root_16S,
787,S7-16S-RE-PL1-2,BESC261,Corvallis,R15,June,2018,RE,S7,
788,S70-16S-RE-PL1-2,GW9823,Clatskanie,R05,Feb,2018,RE,S70,
,S70-16S-RE-PL1-2-REDO,GW9823,Clatskanie,R05,Feb,2018,RE,,
789,S71-16S-RE-PL1-2,BESC103,Corvallis,R06,Feb,2018,RE,S71,
790,S72-16S-RE-PL1-2,BESC103,Clatskanie,R07,Feb,2018,RE,S72,
791,S73-16S-RE-PL1-2,BESC71,Corvallis,R05,Feb,2018,RE,S73,
792,S74-16S-RE-PL1-2,BESC71,Clatskanie,R09,Feb,2018,RE,S74,
793,S75-16S-RE-PL1-2,D176,Clatskanie,R11,Feb,2018,RE,S75,
794,S76-16S-RE-PL1-2,D411,Clatskanie,R15,Feb,2018,RE,S76,
795,S77-16S-RE-PL1-2,BESC22,Corvallis,R03,Feb,2018,RE,S77,
796,S78-16S-RE-PL1-2,BESC261,Corvallis,R06,Feb,2018,RE,S78,
797,S79-16S-RE-PL1-2,BESC148,Corvallis,R04,Feb,2018,RE,S79,
978,S7A-P3-Root-16S-RE,BESC148,Clatskanie,R22,Aug,2019,RE,S7A_P3_Root_16S,
979,S7A-P4-Root-16S-RE,BESC835,Clatskanie,R08,Oct,2019,RE,S7A_P4_Root_16S,
,S7A-P4-Root-16S-RE-REDO,BESC835,Clatskanie,R08,Oct,2019,RE,,
980,S7B-P3-Root-16S-RE,D176,Clatskanie,R06,Aug,2019,RE,S7B_P3_Root_16S,
981,S7B-P4-Root-16S-RE,BESC261,Corvallis,R15,Oct,2019,RE,S7B_P4_Root_16S,
982,S7C-P3-Root-16S-RE,D176,Clatskanie,R11,Aug,2019,RE,S7C_P3_Root_16S,
983,S7C-P4-Root-16S-RE,D176,Clatskanie,R17,Oct,2019,RE,S7C_P4_Root_16S,
,S7C-P4-Root-16S-RE-REDO,D176,Clatskanie,R17,Oct,2019,RE,,
984,S7D-P3-Root-16S-RE,BESC801,Clatskanie,R44,Aug,2019,RE,S7D_P3_Root_16S,
985,S7D-P4-Root-16S-RE,BESC103,Corvallis,R04,Oct,2019,RE,S7D_P4_Root_16S,
,S7D-P4-Root-16S-RE-REDO,BESC103,Corvallis,R04,Oct,2019,RE,,
986,S7E-P3-Root-16S-RE,BESC835,Clatskanie,R30,Aug,2019,RE,S7E_P3_Root_16S,
987,S7E-P4-Root-16S-RE,BESC835,Corvallis,R05,Oct,2019,RE,S7E_P4_Root_16S,
988,S7F-P3-Root-16S-RE,BESC261,Corvallis,R13,Aug,2019,RE,S7F_P3_Root_16S,
989,S7F-P4-Root-16S-RE,BESC71,Clatskanie,R48,Oct,2019,RE,S7F_P4_Root_16S,
990,S7G-P3-Root-16S-RE,D411,Clatskanie,R04,Aug,2019,RE,S7G_P3_Root_16S,
991,S7G-P4-Root-16S-RE,GW9823,Clatskanie,R49,Oct,2019,RE,S7G_P4_Root_16S,
992,S7H-P3-Root-16S-RE,BESC835,Corvallis,R01,Aug,2019,RE,S7H_P3_Root_16S,
,S7H-P3-Root-16S-RE-REDO,BESC835,Corvallis,R01,Aug,2019,RE,,
993,S7H-P4-Root-16S-RE,BESC71,Corvallis,R10,Oct,2019,RE,S7H_P4_Root_16S,
798,S8-16S-RE-PL1-2,BESC835,Clatskanie,R41,June,2018,RE,S8,
799,S80-16S-RE-PL1-2,BESC71,Corvallis,R10,Feb,2018,RE,S80,
800,S81-16S-RE-PL1-2,BESC71,Clatskanie,R27,Feb,2018,RE,S81,
801,S82-16S-RE-PL1-2,BESC801,Corvallis,R11,Feb,2018,RE,S82,
802,S83-16S-RE-PL1-2,BESC801,Clatskanie,R23,Feb,2018,RE,S83,
803,S84-16S-RE-PL1-2,GW9823,Clatskanie,R35,Feb,2018,RE,S84,
804,S85-16S-RE-PL1-2,BESC261,Corvallis,R11,Feb,2018,RE,S85,
805,S86-16S-RE-PL1-2,BESC148,Corvallis,R05,Feb,2018,RE,S86,
,S86-16S-RE-PL1-2-REDO,BESC148,Corvallis,R05,Feb,2018,RE,,
806,S87-16S-RE-PL1-2,BESC835,Clatskanie,R22,Feb,2018,RE,S87,
807,S88-16S-RE-PL1-2,BESC103,Corvallis,R12,Feb,2018,RE,S88,
808,S89-16S-RE-PL1-2,BESC103,Clatskanie,R24,Feb,2018,RE,S89,
994,S8A-P3-Root-16S-RE,BESC103,Clatskanie,R05,Aug,2019,RE,S8A_P3_Root_16S,
995,S8A-P4-Root-16S-RE,BESC261,Corvallis,R11,Oct,2019,RE,S8A_P4_Root_16S,
996,S8B-P3-Root-16S-RE,BESC22,Corvallis,R04,Aug,2019,RE,S8B_P3_Root_16S,
997,S8B-P4-Root-16S-RE,BESC148,Clatskanie,R22,Oct,2019,RE,S8B_P4_Root_16S,
998,S8C-P3-Root-16S-RE,BESC71,Corvallis,R07,Aug,2019,RE,S8C_P3_Root_16S,
999,S8C-P4-Root-16S-RE,BESC103,Clatskanie,R24,Oct,2019,RE,S8C_P4_Root_16S,
,S8C-P4-Root-16S-RE-REDO,BESC103,Clatskanie,R24,Oct,2019,RE,,
1000,S8D-P3-Root-16S-RE,BESC22,Corvallis,R03,Aug,2019,RE,S8D_P3_Root_16S,
1001,S8D-P4-Root-16S-RE,D411,Clatskanie,R26,Oct,2019,RE,S8D_P4_Root_16S,
1002,S8E-P3-Root-16S-RE,BESC835,Clatskanie,R42,Aug,2019,RE,S8E_P3_Root_16S,
1003,S8E-P4-Root-16S-RE,BESC835,Clatskanie,R22,Oct,2019,RE,S8E_P4_Root_16S,
1004,S8F-P3-Root-16S-RE,BESC71,Clatskanie,R09,Aug,2019,RE,S8F_P3_Root_16S,
1005,S8F-P4-Root-16S-RE,BESC22,Corvallis,R15,Oct,2019,RE,S8F_P4_Root_16S,
1006,S8G-P3-Root-16S-RE,BESC801,Clatskanie,R08,Aug,2019,RE,S8G_P3_Root_16S,
1007,S8G-P4-Root-16S-RE,D411,Clatskanie,R15,Oct,2019,RE,S8G_P4_Root_16S,
1008,S8H-P3-Root-16S-RE,GW9823,Clatskanie,R13,Aug,2019,RE,S8H_P3_Root_16S,
1009,S8H-P4-Root-16S-RE,BESC801,Corvallis,R02,Oct,2019,RE,S8H_P4_Root_16S,
809,S9-16S-RE-PL1-2,BESC22,Corvallis,R16,June,2018,RE,S9,
816,S97-16S-RE-PL1-2,BESC835,Clatskanie,R16,Oct,2018,RE,S97,
817,S98-16S-RE-PL1-2,BESC835,Corvallis,R14,Oct,2018,RE,S98,
818,S99-16S-RE-PL1-2,GW9823,Corvallis,R08,Oct,2018,RE,S99,
1010,S9A-P3-Root-16S-RE,BESC148,Clatskanie,R11,Aug,2019,RE,S9A_P3_Root_16S,
1011,S9A-P4-Root-16S-RE,BESC835,Corvallis,R01,Oct,2019,RE,S9A_P4_Root_16S,
1012,S9B-P3-Root-16S-RE,BESC71,Corvallis,R05,Aug,2019,RE,S9B_P3_Root_16S,
1013,S9B-P4-Root-16S-RE,BESC801,Clatskanie,R44,Oct,2019,RE,S9B_P4_Root_16S,
1014,S9C-P3-Root-16S-RE,BESC22,Corvallis,R15,Aug,2019,RE,S9C_P3_Root_16S,
,S9C-P3-Root-16S-RE-REDO,BESC22,Corvallis,R15,Aug,2019,RE,,
1015,S9C-P4-Root-16S-RE,BESC148,Clatskanie,R05,Oct,2019,RE,S9C_P4_Root_16S,
1016,S9D-P3-Root-16S-RE,BESC103,Corvallis,R12,Aug,2019,RE,S9D_P3_Root_16S,
1017,S9D-P4-Root-16S-RE,BESC148,Corvallis,R05,Oct,2019,RE,S9D_P4_Root_16S,
,S9D-P4-Root-16S-RE-REDO,BESC148,Corvallis,R05,Oct,2019,RE,,
1018,S9E-P3-Root-16S-RE,BESC261,Corvallis,R11,Aug,2019,RE,S9E_P3_Root_16S,
,S9E-P3-Root-16S-RE-REDO,BESC261,Corvallis,R11,Aug,2019,RE,,
1019,S9E-P4-Root-16S-RE,GW9823,Clatskanie,R35,Oct,2019,RE,S9E_P4_Root_16S,
1020,S9F-P3-Root-16S-RE,BESC103,Clatskanie,R41,Aug,2019,RE,S9F_P3_Root_16S,
1021,S9F-P4-Root-16S-RE,BESC71,Clatskanie,R27,Oct,2019,RE,S9F_P4_Root_16S,
1022,S9G-P3-Root-16S-RE,BESC835,Clatskanie,R22,Aug,2019,RE,S9G_P3_Root_16S,
1023,S9G-P4-Root-16S-RE,BESC261,Corvallis,R06,Oct,2019,RE,S9G_P4_Root_16S,
1024,S9H-P3-Root-16S-RE,D411,Clatskanie,R26,Aug,2019,RE,S9H_P3_Root_16S,
,S9H-P3-Root-16S-RE-REDO,D411,Clatskanie,R26,Aug,2019,RE,,
1025,S9H-P4-Root-16S-RE,BESC22,Corvallis,R03,Oct,2019,RE,S9H_P4_Root_16S,