,sample_id,genotype,cutting_location,replicate,month,year,sample_type,note,X
728,Besc-103-corv-r10-Jun2017-ITS,BESC103,Corvallis,R10,June,2017,RH,,
729,Besc-103-corv-R16-Jan2019-ITS,BESC103,Corvallis,R16,June,2018,RH,,
730,Besc-103-corv-R3-Fall2018-ITS,BESC103,Corvallis,R03,Oct,2018,RH,,
731,Besc-103-corv-R3-Jan2019-ITS,BESC104,Corvallis,R03,June,2018,RH,,
732,Besc-103-corv-R9-Jan2019-ITS,BESC105,Corvallis,R09,June,2018,RH,,
733,Besc-103-R11-Jan2019-ITS,BESC106,Clatskanie,R11,June,2018,RH,,
734,Besc-103-R23-Fall2018-ITS,BESC107,Clatskanie,R23,Oct,2018,RH,,
735,Besc-103-R23-Jan2019-ITS,BESC103,Clatskanie,R23,Oct,2018,RH,,
736,Besc-103-R40-Jan2019-ITS,BESC103,Clatskanie,R40,June,2018,RH,,
737,Besc-148-corv-R1-Jan2019-ITS,BESC148,Corvallis,R01,June,2018,RH,,
738,Besc-148-corv-r11-Jun2017-ITS,BESC148,Corvallis,R11,June,2017,RH,,
739,Besc-148-corv-R7-Jan2019-ITS,BESC148,Corvallis,R07,June,2018,RH,,
740,Besc-148-corv-r8-Jun2017-ITS,BESC148,Corvallis,R08,June,2017,RH,,
741,Besc-148-R1-Jan2019-ITS,BESC148,Clatskanie,R01,June,2018,RH,,
1000,Besc-148-R1-Jan2019-ITS-redo,BESC148,Clatskanie,R01,June,2018,RH,,
742,Besc-148-r12-Jun2017-ITS,BESC148,Clatskanie,R12,June,2017,RH,,
743,Besc-148-R17-Jan2019-ITS,BESC148,Clatskanie,R17,June,2018,RH,,
744,Besc-148-r28-Jun2017-ITS,BESC148,Clatskanie,R28,June,2017,RH,,
745,Besc-148-r7-Jun2017-ITS,BESC148,Clatskanie,R07,June,2017,RH,,
746,Besc-148-R8-Jan2019-ITS,BESC148,Clatskanie,R08,June,2018,RH,,
747,Besc-22-corv-R11-Fall2018-ITS,BESC22,Corvallis,R11,Oct,2018,RH,,
748,Besc-22-corv-R11-Jan2019-ITS,BESC22,Corvallis,R11,June,2018,RH,,
749,Besc-22-corv-r14-Jun2017-ITS,BESC22,Corvallis,R14,June,2017,RH,,
750,Besc-22-corv-R16-Fall2018-ITS,BESC22,Corvallis,R16,Oct,2018,RH,,
751,Besc-22-corv-R16-Jan2019-ITS,BESC22,Corvallis,R16,June,2018,RH,,
752,Besc-22-corv-R6-Fall2018-ITS,BESC22,Corvallis,R06,Oct,2018,RH,,
753,Besc-22-corv-R6-Jan2019-ITS,BESC22,Corvallis,R06,June,2018,RH,,
754,Besc-22-corv-r9-Jun2017-ITS,BESC22,Corvallis,R09,June,2017,RH,,
755,Besc-261-corv-R10-Fall2018-ITS,BESC261,Corvallis,R10,Oct,2018,RH,,
756,Besc-261-corv-R10-Jan2019-ITS,BESC261,Corvallis,R10,June,2018,RH,,
757,Besc-261-corv-R15-Jan2019-B12-ITS,BESC261,Corvallis,R15,June,2018,RH,,
758,Besc-261-corv-R15-Jan2019-G11-ITS,BESC261,Corvallis,R15,June,2018,RH,,
759,Besc-261-corv-r16-Jun2017-ITS,BESC261,Corvallis,R16,June,2017,RH,,
760,Besc-261-corv-R2-Jan2019-ITS,BESC261,Corvallis,R02,June,2018,RH,,
761,Besc-261-corv-r3-Jun2017-ITS,BESC261,Corvallis,R03,June,2017,RH,,
762,Besc-261-corv-r9-Jun2017-ITS,BESC261,Corvallis,R09,June,2017,RH,,
763,Besc-71-corv-R1-Fall2018-ITS,BESC71,Corvallis,R01,Oct,2018,RH,,
764,Besc-71-corv-R1-Jan2019-ITS,BESC71,Corvallis,R01,June,2018,RH,,
765,Besc-71-corv-r12-Jun2017-ITS,BESC71,Corvallis,R12,June,2017,RH,,
766,Besc-71-corv-R17-Jan2019-ITS,BESC71,Corvallis,R17,June,2018,RH,,
767,Besc-71-corv-R9-Fall2018-ITS,BESC71,Corvallis,R09,Oct,2018,RH,,
768,Besc-71-R21-Fall2018-ITS,BESC71,Clatskanie,R21,Oct,2018,RH,,
769,Besc-71-r24-Jun2017-ITS,BESC71,Clatskanie,R24,June,2017,RH,,
770,Besc-71-R3-Fall2018-ITS,BESC71,Clatskanie,R03,Oct,2018,RH,,
771,Besc-71-R3-Jan2019-ITS,BESC71,Clatskanie,R03,June,2018,RH,,
772,Besc-71-r4-Jun2017-ITS,BESC71,Clatskanie,R04,June,2017,RH,,
773,Besc-71-R44-Jan2019-ITS,BESC71,Clatskanie,R44,June,2018,RH,,
774,Besc-801-corv-r10-Jun2017-ITS,BESC801,Corvallis,R10,June,2017,RH,,
775,Besc-801-corv-R17-Jan2019-ITS,BESC801,Corvallis,R17,June,2018,RH,,
776,Besc-801-corv-r6-Jun2017-ITS,BESC801,Corvallis,R06,June,2017,RH,,
777,Besc-801-corv-R7-Jan2019-ITS,BESC801,Corvallis,R07,June,2018,RH,,
778,Besc-801-corv-R9-Fall2018-ITS,BESC801,Corvallis,R09,Oct,2018,RH,,
780,Besc-801-R16-Fall2018-ITS,BESC801,Clatskanie,R16,Oct,2018,RH,,
781,Besc-801-R16-Jan2019-ITS,BESC801,Clatskanie,R16,June,2018,RH,,
782,Besc-801-R3-Fall2018-ITS,BESC801,Clatskanie,R03,Oct,2018,RH,,
783,Besc-801-R3-Jan2019-ITS,BESC801,Clatskanie,R03,June,2018,RH,,
784,Besc-801-R41-Jan2019-ITS,BESC801,Clatskanie,R41,June,2018,RH,,
785,Besc-835-corv-r11-Jun2017-ITS,BESC835,Corvallis,R11,June,2017,RH,,
786,Besc-835-corv-R14-Fall2018-ITS,BESC835,Corvallis,R14,Oct,2018,RH,,
789,Besc-835-corv-R16-Jan2019-ITS,BESC835,Corvallis,R16,June,2018,RH,,
790,Besc-835-corv-r17-Jun2017-ITS,BESC835,Corvallis,R17,June,2017,RH,,
791,Besc-835-corv-R6-Fall2018-ITS,BESC835,Corvallis,R06,Oct,2018,RH,,
792,Besc-835-corv-R6-Jan2019-ITS,BESC835,Corvallis,R06,June,2018,RH,,
793,Besc-835-R10-Fall2018-ITS,BESC835,Clatskanie,R10,Oct,2018,RH,,
794,Besc-835-R10-Jan2019-ITS,BESC835,Clatskanie,R10,June,2018,RH,,
795,Besc-835-r20-Jun2017-ITS,BESC835,Clatskanie,R20,June,2017,RH,,
796,Besc-835-R23-Fall2018-ITS,BESC835,Clatskanie,R23,Oct,2018,RH,,
797,Besc-835-R23-Jan2019-ITS,BESC835,Clatskanie,R23,June,2018,RH,,
798,Besc-835-r3-Jun2017-ITS,BESC835,Clatskanie,R03,June,2017,RH,,
799,Besc-835-R41-Fall2018-ITS,BESC835,Clatskanie,R41,Oct,2018,RH,,
800,Besc-835-R41-Jan2019-ITS,BESC835,Clatskanie,R41,June,2018,RH,,
801,Besc-835-r47-Jun2017-ITS,BESC835,Clatskanie,R47,June,2017,RH,,
388,Besc103-corv-R12-Aug2019-ITS-LE,BESC103,Corvallis,R12,Aug,2019,LE,,
908,Besc103-corv-r12-Feb2018-ITS,BESC103,Corvallis,R12,Feb,2018,RH,,
1001,Besc103-corv-r12-Feb2018-ITS-redo,BESC103,Corvallis,R12,Feb,2018,RH,,
632,BESC103-Corv-R12-Jun2019-ITS,BESC103,Corvallis,R12,June,2019,RH,,
389,Besc103-corv-R12-Jun2019-ITS-LE,BESC103,Corvallis,R12,June,2019,LE,,
824,Besc103-corv-r12-Oct2019-ITS,BESC103,Corvallis,R12,Oct,2019,RH,,
390,Besc103-corv-R12-Oct2019-ITS-LE,BESC103,Corvallis,R12,Oct,2019,LE,,
909,Besc103-corv-r14-Feb2018-ITS,BESC103,Corvallis,R14,Feb,2018,RH,,
633,BESC103-Corv-R14-Jun2019-ITS,BESC103,Corvallis,R14,June,2019,RH,,
391,Besc103-corv-R14-Jun2019-ITS-LE,BESC103,Corvallis,R14,June,2019,LE,,
825,Besc103-corv-r14-Oct2019-ITS,BESC103,Corvallis,R14,Oct,2019,RH,,
392,Besc103-corv-R14-Oct2019-ITS-LE,BESC103,Corvallis,R14,Oct,2019,LE,,
826,Besc103-corv-r15-Jun2017-ITS,BESC103,Corvallis,R15,June,2017,RH,,
1002,Besc103-corv-r15-Jun2017-ITS-redo,BESC103,Corvallis,R15,June,2017,RH,,
1003,Besc103-corv-r16-Aug2018-ITS-redo,BESC103,Corvallis,R16,Aug,2018,RH,,
393,Besc103-corv-R16-Jun2018-ITS-LE,BESC103,Corvallis,R16,June,2018,LE,,
634,BESC103-Corv-R16-Winter2019-ITS,BESC103,Corvallis,R16,Feb,2019,RH,,
827,Besc103-corv-r3-Aug2018-ITS,BESC103,Corvallis,R03,Aug,2018,RH,,
394,Besc103-corv-R3-Aug2019-ITS-LE,BESC103,Corvallis,R03,Aug,2019,LE,,
910,Besc103-corv-r3-Jun2018-ITS,BESC103,Corvallis,R03,June,2018,RH,,
395,Besc103-corv-R3-Jun2018-ITS-LE,BESC103,Corvallis,R03,June,2018,LE,,
1004,Besc103-corv-r3-Jun2018-ITS-redo,BESC103,Corvallis,R03,June,2018,RH,,
396,BESC103-corv-R3-Oct2018-ITS-LE,BESC103,Corvallis,R03,Oct,2018,LE,,
635,BESC103-Corv-R3-Winter2019-ITS,BESC103,Corvallis,R03,Feb,2019,RH,,
828,Besc103-corv-r4-Jun2017-ITS,BESC103,Corvallis,R04,June,2017,RH,,
397,Besc103-corv-R6-Aug2019-ITS-LE,BESC103,Corvallis,R06,Aug,2019,LE,,
911,Besc103-corv-r6-Feb2018-ITS,BESC103,Corvallis,R06,Feb,2018,RH,,
1005,Besc103-corv-r6-Feb2018-ITS-redo,BESC103,Corvallis,R06,Feb,2018,RH,,
1051,Besc103-corv-R6-Jun2019-ITS_redo,BESC103,Corvallis,R06,June,2019,RH,,
398,Besc103-corv-R6-Jun2019-ITS-LE,BESC103,Corvallis,R06,June,2019,LE,,
829,Besc103-corv-r6-Oct2019-ITS,BESC103,Corvallis,R06,Oct,2019,RH,,
399,Besc103-corv-R6-Oct2019-ITS-LE,BESC103,Corvallis,R06,Oct,2019,LE,,
400,Besc103-corv-R7-Aug2019-ITS-LE,BESC103,Corvallis,R07,Aug,2019,LE,,
830,Besc103-corv-r9-Aug2018-ITS,BESC103,Corvallis,R09,Aug,2018,RH,,
912,Besc103-corv-r9-Aug2019-ITS,BESC103,Corvallis,R09,Aug,2019,RH,,
401,Besc103-corv-R9-Aug2019-ITS-LE,BESC103,Corvallis,R09,Aug,2019,LE,,
402,Besc103-corv-R9-Oct2018-ITS-LE,BESC103,Corvallis,R09,Oct,2018,LE,,
637,BESC103-Corv-R9-Winter2019-ITS,BESC103,Corvallis,R09,Feb,2019,RH,,
1052,Besc103-cov-R6-Oct2018-ITS_redo,BESC103,Corvallis,R06,Oct,2018,RH,,
403,Besc103-cov-R6-Oct2018-ITS-LE,BESC103,Corvallis,R06,Oct,2018,LE,,
638,BESC103-R11-Fall2018-ITS,BESC103,Clatskanie,R11,Oct,2018,RH,,
913,Besc103-r11-Jun2018-ITS,BESC103,Clatskanie,R11,June,2018,RH,,
404,Besc103-R11-Jun2018-ITS-LE,BESC103,Clatskanie,R11,June,2018,LE,,
405,Besc103-R11-Oct2018-ITS-LE,BESC103,Clatskanie,R11,Oct,2018,LE,,
639,BESC103-R11-Winter2019-ITS,BESC103,Clatskanie,R11,Feb,2019,RH,,
914,Besc103-r22-Aug2018-ITS,BESC104,Clatskanie,R22,Aug,2018,RH,,
1006,Besc103-r22-Aug2018-ITS-redo,BESC105,Clatskanie,R22,Aug,2018,RH,,
831,Besc103-r23-Aug2018-ITS,BESC103,Clatskanie,R23,Aug,2018,RH,,
915,Besc103-r23-Jun2018-ITS,BESC103,Clatskanie,R23,June,2018,RH,,
1054,Besc103-R23-Jun2018-ITS_redo,BESC104,Clatskanie,R24,July,2019,RH,,
406,Besc103-R23-Jun2018-ITS-LE,BESC103,Clatskanie,R23,June,2018,LE,,
407,Besc103-R23-Oct2018-ITS-LE,BESC103,Clatskanie,R23,Oct,2018,LE,,
640,BESC103-R23-Winter2019-ITS,BESC103,Clatskanie,R23,Feb,2019,RH,,
916,Besc103-r24-Aug2019-ITS,BESC103,Clatskanie,R24,Aug,2019,RH,,
408,Besc103-R24-Aug2019-ITS-LE,BESC103,Clatskanie,R24,Aug,2019,LE,,
917,Besc103-r24-Feb2018-ITS,BESC103,Clatskanie,R24,Feb,2018,RH,,
641,BESC103-R24-Jun2019-ITS,BESC103,Clatskanie,R24,June,2019,RH,,
409,Besc103-R24-Jun2019-ITS-LE,BESC103,Clatskanie,R24,June,2019,LE,,
410,Besc103-R24-Oct2019-ITS-LE,BESC103,Clatskanie,R24,Oct,2019,RH,,
1007,Besc103-r24-Oct2019-ITS-redo,BESC103,Clatskanie,R24,Oct,2019,LE,,
411,Besc103-R27-Aug2019-ITS-LE,BESC103,Clatskanie,R27,Aug,2019,LE,,
832,Besc103-r40-Aug2018-ITS,BESC103,Clatskanie,R40,Aug,2018,RH,,
642,BESC103-R40-Fall2018-ITS,BESC103,Clatskanie,R40,Oct,2018,RH,,
412,Besc103-R40-Jun2018-ITS-LE,BESC103,Clatskanie,R40,June,2018,LE,,
413,Besc103-R40-Oct2018-ITS-LE,BESC103,Clatskanie,R40,Oct,2018,LE,,
643,BESC103-R40-Winter2019-ITS,BESC103,Clatskanie,R40,Feb,2019,RH,,
918,Besc103-r41-Feb2018-ITS,BESC103,Clatskanie,R41,Feb,2018,RH,,
644,BESC103-R41-Jun2019-ITS,BESC103,Clatskanie,R41,June,2019,RH,,
414,Besc103-R41-Jun2019-ITS-LE,BESC103,Clatskanie,R41,June,2019,LE,,
833,Besc103-r41-Oct2019-ITS,BESC103,Clatskanie,R41,Oct,2019,RH,,
415,Besc103-R41-Oct2019-ITS-LE,BESC103,Clatskanie,R41,Oct,2019,LE,,
1008,Besc103-r41-Oct2019-ITS-redo,BESC103,Clatskanie,R41,Oct,2019,RH,,
834,Besc103-r47-Jun2017-ITS,BESC103,Clatskanie,R47,June,2017,RH,,
416,Besc103-R5-Aug2019-ITS-LE,BESC103,Clatskanie,R05,Aug,2019,LE,,
919,Besc103-r7-Feb2018-ITS,BESC103,Clatskanie,R07,Feb,2018,RH,,
645,BESC103-R7-Jun2019-ITS,BESC103,Clatskanie,R07,June,2019,RH,,
417,Besc103-R7-Jun2019-ITS-LE,BESC103,Clatskanie,R07,June,2019,LE,,
835,Besc103-r7-Oct2019-ITS,BESC103,Clatskanie,R07,Oct,2019,RH,,
418,Besc103-R7-Oct2019-ITS-LE,BESC103,Clatskanie,R07,Oct,2019,LE,,
836,Besc103-r9-Jun2017-ITS,BESC103,Clatskanie,R09,June,2017,RH,,
419,Besc103-R9-Jun2018-ITS-LE,BESC103,Clatskanie,R09,June,2018,LE,,
837,Besc148-corv-r1-Aug2018-ITS,BESC148,Corvallis,R01,Aug,2018,RH,,
920,Besc148-Corv-r1-Aug2019-ITS,BESC148,Corvallis,R01,Aug,2019,RH,,
420,Besc148-corv-R1-Aug2019-ITS-LE,BESC148,Corvallis,R01,Aug,2019,LE,,
646,BESC148-Corv-R1-Fall2018-ITS,BESC148,Corvallis,R01,Oct,2018,RH,,
421,Besc148-corv-R1-Oct2018-ITS-LE,BESC148,Corvallis,R01,Oct,2018,LE,,
647,BESC148-Corv-R1-Winter2019-ITS,BESC148,Corvallis,R01,Feb,2019,RH,,
921,Besc148-corv-r17-Aug2018-ITS,BESC148,Corvallis,R17,Aug,2018,RH,,
422,Besc148-corv-R17-Oct2018-ITS-LE,BESC148,Corvallis,R17,Oct,2018,LE,,
838,Besc148-corv-r3-Jun2017-ITS,BESC148,Corvallis,R03,June,2017,RH,,
1009,Besc148-corv-r3-Jun2017-ITS-redo,BESC148,Corvallis,R03,June,2017,RH,,
423,Besc148-corv-R4-Aug2019-ITS-LE,BESC148,Corvallis,R04,Aug,2019,LE,,
922,Besc148-corv-r4-Feb2018-ITS,BESC148,Corvallis,R04,Feb,2018,RH,,
648,BESC148-Corv-R4-Jun2019-ITS,BESC148,Corvallis,R04,June,2019,RH,,
424,Besc148-corv-R4-Jun2019-ITS-LE,BESC148,Corvallis,R04,June,2019,LE,,
839,Besc148-corv-r4-Oct2019-ITS,BESC148,Corvallis,R04,Oct,2019,RH,,
425,Besc148-corv-R4-Oct2019-ITS-LE,BESC148,Corvallis,R04,Oct,2019,LE,,
426,Besc148-corv-R5-Aug2019-ITS-LE,BESC148,Corvallis,R05,Aug,2019,LE,,
923,Besc148-corv-r5-Feb2018-ITS,BESC148,Corvallis,R05,Feb,2018,RH,,
649,BESC148-Corv-R5-Jun2019-ITS,BESC148,Corvallis,R05,June,2019,RH,,
427,Besc148-corv-R5-Jun2019-ITS-LE,BESC148,Corvallis,R05,June,2019,LE,,
840,Besc148-corv-r5-Oct2019-ITS,BESC148,Corvallis,R05,Oct,2019,RH,,
428,Besc148-corv-R5-Oct2019-ITS-LE,BESC148,Corvallis,R05,Oct,2019,LE,,
924,Besc148-corv-r7-Jun2018-ITS,BESC148,Corvallis,R07,June,2018,RH,,
429,Besc148-corv-R7-Jun2018-ITS-LE,BESC148,Corvallis,R07,June,2018,LE,,
430,Besc148-corv-R7-Oct2018-ITS-LE,BESC148,Corvallis,R07,Oct,2018,LE,,
650,BESC148-Corv-R7-Winter2019-ITS,BESC148,Corvallis,R07,Feb,2019,RH,,
431,Besc148-corv-R9-Aug2019-ITS-LE,BESC148,Corvallis,R09,Aug,2019,LE,,
841,Besc148-r1-Aug2018-ITS,BESC148,Clatskanie,R01,Aug,2018,RH,,
651,BESC148-R1-Winter2019-ITS,BESC148,Clatskanie,R01,Feb,2019,RH,,
432,Besc148-R11-Aug2019-ITS-LE,BESC148,Clatskanie,R11,Aug,2019,LE,,
925,Besc148-r11-Feb2018-ITS,BESC148,Clatskanie,R11,June,2019,RH,,
652,BESC148-R11-Jun2019-ITS,BESC148,Clatskanie,R11,June,2019,RH,,
433,Besc148-R11-Jun2019-ITS-LE,BESC148,Clatskanie,R11,June,2019,LE,,
434,Besc148-R11-Oct2018-ITS-LE,BESC148,Clatskanie,R11,Oct,2018,LE,,
842,Besc148-r11-Oct2019-ITS,BESC148,Clatskanie,R11,Oct,2019,RH,,
435,Besc148-R11-Oct2019-ITS-LE,BESC148,Clatskanie,R11,Oct,2019,LE,,
926,Besc148-r15-Aug2019-ITS,BESC148,Clatskanie,R15,Aug,2019,RH,,
436,Besc148-R15-Aug2019-ITS-LE,BESC148,Clatskanie,R15,Aug,2019,LE,,
653,BESC148-R16-Winter2019-ITS,BESC148,Clatskanie,R16,Feb,2019,RH,,
843,Besc148-r17-Aug2018-ITS,BESC148,Clatskanie,R17,Aug,2018,RH,,
437,Besc148-R1A-Oct2018-ITS-LE,BESC148,Clatskanie,R01,Oct,2018,LE,,
439,Besc148-R22-Aug2019-ITS-LE,BESC148,Clatskanie,R22,Aug,2019,LE,,
927,Besc148-r22-Feb2018-ITS,BESC148,Clatskanie,R22,Feb,2018,RH,,
654,BESC148-R22-Jun2019-ITS,BESC148,Clatskanie,R22,June,2019,RH,,
440,Besc148-R22-Jun2019-ITS-LE,BESC148,Clatskanie,R22,June,2019,LE,,
844,Besc148-r22-Oct2019-ITS,BESC148,Clatskanie,R22,Oct,2019,RH,,
441,Besc148-R22-Oct2019-ITS-LE,BESC148,Clatskanie,R22,Oct,2019,LE,,
442,Besc148-R5-Aug2019-ITS-LE,BESC148,Clatskanie,R05,Aug,2019,LE,,
928,Besc148-r5-Feb2018-ITS,BESC148,Clatskanie,R05,Feb,2018,RH,,
655,BESC148-R5-Jun2019-ITS,BESC148,Clatskanie,R05,June,2019,RH,,
443,Besc148-R5-Jun2019-ITS-LE,BESC148,Clatskanie,R05,June,2019,LE,,
1010,BESC148-R5-Jun2019-ITS-redo,BESC148,Clatskanie,R05,June,2019,RH,,
845,Besc148-r5-Oct2019-ITS,BESC148,Clatskanie,R05,Oct,2019,RH,,
444,Besc148-R5-Oct2019-ITS-LE,BESC148,Clatskanie,R05,Oct,2019,LE,,
846,Besc148-r8-Aug2018-ITS,BESC148,Clatskanie,R08,Aug,2018,RH,,
445,Besc148-R8-Aug2019-ITS-LE,BESC148,Clatskanie,R08,Aug,2019,LE,,
656,BESC148-R8-Winter2019-ITS,BESC148,Clatskanie,R08,Feb,2019,RH,,
847,Besc22-corv-r11-Aug2018-ITS,BESC22,Corvallis,R11,Aug,2018,RH,,
446,Besc22-corv-R11-Jun2018-ITS-LE,BESC22,Corvallis,R11,June,2018,LE,,
447,Besc22-corv-R11-Oct2018-ITS-LE,BESC22,Corvallis,R11,Oct,2018,LE,,
657,BESC22-Corv-R11-Winter2019-ITS,BESC22,Corvallis,R11,Feb,2019,RH,,
448,Besc22-corv-R12-Aug2019-ITS-LE,BESC22,Corvallis,R12,Aug,2019,LE,,
929,Besc22-corv-r15-Feb2018-ITS,BESC22,Corvallis,R15,Feb,2018,RH,,
1011,Besc22-corv-r15-Feb2018-ITS-redo,BESC22,Corvallis,R15,Feb,2018,RH,,
658,BESC22-Corv-R15-Jun2019-ITS,BESC22,Corvallis,R15,June,2019,RH,,
449,Besc22-corv-R15-Jun2019-ITS-LE,BESC22,Corvallis,R15,June,2019,LE,,
848,Besc22-corv-r15-Oct2019-ITS,BESC22,Corvallis,R15,Oct,2019,RH,,
450,Besc22-corv-R15-Oct2019-ITS-LE,BESC22,Corvallis,R15,Oct,2019,LE,,
849,Besc22-corv-r16-Aug2018-ITS,BESC22,Corvallis,R16,Aug,2018,RH,,
451,Besc22-corv-R16-Oct2018-ITS-LE,BESC22,Corvallis,R16,Oct,2018,LE,,
659,BESC22-Corv-R16-Winter2019-ITS,BESC22,Corvallis,R16,Feb,2019,RH,,
452,Besc22-corv-R3-Aug2019-ITS-LE,BESC22,Corvallis,R03,Aug,2019,LE,,
930,Besc22-corv-r3-Feb2018-ITS,BESC22,Corvallis,R03,Feb,2018,RH,,
1012,Besc22-corv-r3-Feb2018-ITS-redo,BESC22,Corvallis,R03,Feb,2018,RH,,
660,BESC22-Corv-R3-Jun2019-ITS,BESC22,Corvallis,R03,June,2019,RH,,
453,Besc22-corv-R3-Jun2019-ITS-LE,BESC22,Corvallis,R03,June,2019,LE,,
850,Besc22-corv-r3-Oct2019-ITS,BESC22,Corvallis,R03,Oct,2019,RH,,
454,Besc22-corv-R3-Oct2019-ITS-LE,BESC22,Corvallis,R03,Oct,2019,LE,,
455,Besc22-corv-R4-Aug2019-ITS-LE,BESC22,Corvallis,R04,Aug,2019,LE,,
661,BESC22-Corv-R4-Winter2019-ITS,BESC22,Corvallis,R04,Feb,2019,RH,,
1013,Besc22-corv-r6-Aug2018-ITS-redo,BESC22,Corvallis,R06,Aug,2018,RH,,
1014,Besc22-Corv-r6-Jun2017-ITS-redo,BESC22,Corvallis,R06,June,2017,RH,,
456,Besc22-corv-R6-Jun2018-ITS-LE,BESC22,Corvallis,R06,June,2018,LE,,
457,Besc22-corv-R6-Oct2018-ITS-LE,BESC22,Corvallis,R06,Oct,2018,LE,,
458,Besc22-corv-R7-Aug2019-ITS-LE,BESC22,Corvallis,R07,Aug,2019,LE,,
662,BESC22-Corv-R7-Jun2019-ITS,BESC22,Corvallis,R07,June,2019,RH,,
459,Besc22-corv-R7-Jun2019-ITS-LE,BESC22,Corvallis,R07,June,2019,LE,,
851,Besc22-corv-r7-Oct2019-ITS,BESC22,Corvallis,R07,Oct,2019,RH,,
460,Besc22-corv-R7-Oct2019-ITS-LE,BESC22,Corvallis,R07,Oct,2019,LE,,
461,Besc22-R15-Aug2019-ITS-LE,BESC22,Clatskanie,R15,Aug,2019,LE,,
462,Besc22-R16-Jun2018-ITS-LE,BESC22,Clatskanie,R16,June,2018,LE,,
463,Besc26-corv-R13-Aug2019-ITS-LE,BESC261,Corvallis,R13,Aug,2019,LE,,
852,Besc261-corv-r10-Aug2018-ITS,BESC261,Corvallis,R10,Aug,2018,RH,,
1015,Besc261-corv-r10-Aug2018-ITS-redo,BESC261,Corvallis,R10,Aug,2018,RH,,
464,Besc261-corv-R10-Jun2018-ITS-LE,BESC261,Corvallis,R10,June,2018,LE,,
465,Besc261-corv-R10-Oct2018-ITS-LE,BESC261,Corvallis,R10,Oct,2018,LE,,
663,BESC261-Corv-R10-Winter2019-ITS,BESC261,Corvallis,R10,Feb,2019,RH,,
466,Besc261-corv-R11-Aug2019-ITS-LE,BESC261,Corvallis,R11,Aug,2019,LE,,
931,Besc261-corv-r11-Feb2018-ITS,BESC261,Corvallis,R11,Feb,2018,RH,,
1016,Besc261-corv-r11-Feb2018-ITS-redo,BESC261,Corvallis,R11,Feb,2018,RH,,
664,BESC261-Corv-R11-Jun2019-ITS,BESC261,Corvallis,R11,June,2019,RH,,
467,Besc261-corv-R11-Jun2019-ITS-LE,BESC261,Corvallis,R11,June,2019,LE,,
853,Besc261-corv-r11-Oct2019-ITS,BESC261,Corvallis,R11,Oct,2019,RH,,
468,Besc261-corv-R11-Oct2019-ITS-LE,BESC261,Corvallis,R11,Oct,2019,LE,,
1017,Besc261-corv-r12-Aug2018-ITS-redo,BESC261,Corvallis,R12,Aug,2018,RH,,
932,Besc261-corv-r13-Aug2019-ITS,BESC261,Corvallis,R13,Aug,2019,RH,,
933,Besc261-corv-r15-Aug2018-ITS,BESC261,Corvallis,R15,Aug,2018,RH,,
469,Besc261-corv-R15-Aug2019-ITS-LE,BESC261,Corvallis,R15,Aug,2019,LE,,
934,Besc261-corv-r15-Feb2018-ITS,BESC261,Corvallis,R15,Feb,2018,RH,,
470,Besc261-corv-R15-Jun2018-ITS-LE,BESC261,Corvallis,R15,June,2018,LE,,
665,BESC261-Corv-R15-Jun2019-ITS,BESC261,Corvallis,R15,June,2019,RH,,
471,Besc261-corv-R15-Jun2019-ITS-LE,BESC261,Corvallis,R15,June,2019,LE,,
854,Besc261-corv-r15-Oct2019-ITS,BESC261,Corvallis,R15,Oct,2019,RH,,
1018,Besc261-corv-r15-Oct2019-ITS-redo,BESC261,Corvallis,R15,Oct,2019,RH,,
666,BESC261-Corv-R15-Winter2019-ITS,BESC261,Corvallis,R15,Feb,2019,RH,,
667,BESC261-Corv-R16-Fall2018-ITS,BESC261,Corvallis,R16,Oct,2018,RH,,
472,Besc261-corv-R16-Oct2018-ITS-LE,BESC261,Corvallis,R16,Oct,2018,LE,,
473,Besc261-corv-R16-Oct2019-ITS-LE,BESC261,Corvallis,R16,Oct,2019,LE,,
474,Besc261-corv-R17-Oct2019-ITS-LE,BESC261,Corvallis,R17,Oct,2019,LE,,
475,Besc261-corv-R2-Jun2018-ITS-LE,BESC261,Corvallis,R02,June,2018,LE,,
668,BESC261-Corv-R2-Winter2019-ITS,BESC261,Corvallis,R02,Feb,2019,RH,,
476,Besc261-corv-R4-Aug2019-ITS-LE,BESC261,Corvallis,R04,Aug,2019,LE,,
1056,Besc261-corv-R6-Aug2019-ITS_redo,BESC261,Corvallis,R06,Aug,2019,RH,,
477,Besc261-corv-R6-Aug2019-ITS-LE,BESC261,Corvallis,R06,Aug,2019,LE,,
935,Besc261-corv-r6-Feb2018-ITS,BESC261,Corvallis,R06,Feb,2018,RH,,
669,BESC261-Corv-R6-Jun2019-ITS,BESC261,Corvallis,R06,June,2019,RH,,
478,Besc261-corv-R6-Jun2019-ITS-LE,BESC261,Corvallis,R06,June,2019,LE,,
855,Besc261-corv-r6-Oct2019-ITS,BESC261,Corvallis,R06,Oct,2019,RH,,
1057,Besc261-R2-Oct2018-ITS_redo,BESC261,Clatskanie,R02,Oct,2018,RH,,
479,Besc261-R2-Oct2018-ITS-LE,BESC261,Clatskanie,R02,Oct,2018,LE,,
936,Besc71-corv-r1-Aug2018-ITS,BESC71,Corvallis,R01,Aug,2018,RH,,
480,Besc71-corv-R1-Jun2018-ITS-LE,BESC71,Corvallis,R01,June,2018,LE,,
481,Besc71-corv-R1-Oct2018-ITS-LE,BESC71,Corvallis,R01,Oct,2018,LE,,
670,BESC71-Corv-R1-Winter2019-ITS,BESC71,Corvallis,R01,Feb,2019,RH,,
937,Besc71-corv-r10-Aug2019-ITS,BESC71,Corvallis,R10,Aug,2019,RH,,
482,Besc71-corv-R10-Aug2019-ITS-LE,BESC71,Corvallis,R10,Aug,2019,LE,,
938,Besc71-corv-r10-Feb2018-ITS,BESC71,Corvallis,R10,Feb,2018,RH,,
1019,Besc71-corv-r10-Feb2018-ITS-redo,BESC71,Corvallis,R10,Feb,2018,RH,,
671,BESC71-Corv-R10-Jun2019-ITS,BESC71,Corvallis,R10,June,2019,RH,,
483,Besc71-corv-R10-Jun2019-ITS-LE,BESC71,Corvallis,R10,June,2019,LE,,
856,Besc71-corv-r10-Oct2019-ITS,BESC71,Corvallis,R10,Oct,2019,RH,,
484,Besc71-corv-R10-Oct2019-ITS-LE,BESC71,Corvallis,R10,Oct,2019,LE,,
939,Besc71-corv-r14-Feb2018-ITS,BESC71,Corvallis,R14,Feb,2018,RH,,
672,BESC71-Corv-R14-Jun2019-ITS,BESC71,Corvallis,R14,June,2019,RH,,
857,Besc71-corv-r16-Jun2017-ITS,BESC71,Corvallis,R16,June,2017,RH,,
858,Besc71-corv-r17-Aug2018-ITS,BESC71,Corvallis,R17,Aug,2018,RH,,
940,Besc71-corv-r17-Aug2019-ITS,BESC71,Corvallis,R17,Aug,2019,RH,,
485,Besc71-corv-R17-Aug2019-ITS-LE,BESC71,Corvallis,R17,Aug,2019,LE,,
673,BESC71-Corv-R17-Fall2018-ITS,BESC71,Corvallis,R17,Oct,2018,RH,,
486,Besc71-corv-R17-Jun2018-ITS-LE,BESC71,Corvallis,R17,June,2018,LE,,
487,Besc71-corv-R17-Jun2019-ITS-LE,BESC71,Corvallis,R17,June,2019,LE,,
488,BESC71-corv-R17-Oct2018-ITS-LE,BESC71,Corvallis,R17,Oct,2018,LE,,
859,Besc71-corv-r17-Oct2019-ITS,BESC71,Corvallis,R17,Oct,2019,RH,,
674,BESC71-Corv-R17-Winter2019-ITS,BESC71,Corvallis,R17,Feb,2019,RH,,
860,Besc71-corv-r2-Jun2017-ITS,BESC71,Corvallis,R02,June,2017,RH,,
941,Besc71-corv-r5-Aug2019-ITS,BESC71,Corvallis,R05,Aug,2019,RH,,
489,Besc71-corv-R5-Aug2019-ITS-LE,BESC71,Corvallis,R05,Aug,2019,LE,,
942,Besc71-corv-r5-Feb2018-ITS,BESC71,Corvallis,R05,Feb,2018,RH,,
675,BESC71-Corv-R5-Jun2019-ITS,BESC71,Corvallis,R05,June,2019,RH,,
490,Besc71-corv-R5-Jun2019-ITS-LE,BESC71,Corvallis,R05,June,2019,LE,,
861,Besc71-corv-r5-Oct2019-ITS,BESC71,Corvallis,R05,Oct,2019,RH,,
491,Besc71-corv-R5-Oct2019-ITS-LE,BESC71,Corvallis,R05,Oct,2019,LE,,
492,Besc71-corv-R7-Aug2019-ITS-LE,BESC71,Corvallis,R07,Aug,2019,LE,,
943,Besc71-corv-r9-Aug2018-ITS,BESC71,Corvallis,R09,Aug,2018,RH,,
493,Besc71-corv-R9-Aug2019-ITS-LE,BESC71,Corvallis,R09,Aug,2019,LE,,
494,Besc71-corv-R9-Oct2018-ITS-LE,BESC71,Corvallis,R09,Oct,2018,LE,,
676,BESC71-Corv-R9-Winter2019-ITS,BESC71,Corvallis,R09,Feb,2019,RH,,
495,Besc71-R17-Oct2019-ITS-LE,BESC71,Clatskanie,R17,Oct,2019,LE,,
944,Besc71-r21-Aug2019-ITS,BESC71,Clatskanie,R21,Aug,2019,RH,,
496,Besc71-R21-Aug2019-ITS-LE,BESC71,Clatskanie,R21,Aug,2019,LE,,
945,Besc71-r21-Feb2018-ITS,BESC71,Clatskanie,R21,Feb,2018,RH,,
498,Besc71-R21-Oct2018-ITS-LE,BESC71,Clatskanie,R21,Oct,2018,LE,,
677,BESC71-R21-Winter2019-ITS,BESC71,Clatskanie,R21,Feb,2019,RH,,
946,Besc71-r27-Aug2019-ITS,BESC71,Clatskanie,R27,Aug,2019,RH,,
499,Besc71-R27-Aug2019-ITS-LE,BESC71,Clatskanie,R27,Aug,2019,LE,,
947,Besc71-r27-Feb2018-ITS,BESC71,Clatskanie,R27,Feb,2018,RH,,
678,BESC71-R27-Jun2019-ITS,BESC71,Clatskanie,R27,June,2019,RH,,
500,Besc71-R27-Jun2019-ITS-LE,BESC71,Clatskanie,R27,June,2019,LE,,
862,Besc71-r27-Oct2019-ITS,BESC71,Clatskanie,R27,Oct,2019,RH,,
501,Besc71-R27-Oct2019-ITS-LE,BESC71,Clatskanie,R27,Oct,2019,LE,,
1020,Besc71-r3-Aug2018-ITS-redo,BESC71,Clatskanie,R03,Aug,2018,RH,,
1058,Besc71-R3-Aug2019-ITS_redo,BESC71,Clatskanie,R03,Aug,2019,RH,,
502,Besc71-R3-Aug2019-ITS-LE,BESC71,Clatskanie,R03,Aug,2019,LE,,
503,Besc71-R3-Jun2018-ITS-LE,BESC71,Clatskanie,R03,June,2018,LE,,
504,Besc71-R3-Oct2018-ITS-LE,BESC71,Clatskanie,R03,Oct,2018,LE,,
679,BESC71-R3-Winter2019-ITS,BESC71,Clatskanie,R03,Feb,2019,RH,,
863,Besc71-r42-Jun2017-ITS,BESC71,Clatskanie,R42,June,2017,RH,,
948,Besc71-r44-Aug2018-ITS,BESC71,Clatskanie,R44,Aug,2018,RH,,
949,Besc71-r44-Jun2018-ITS,BESC71,Clatskanie,R44,June,2018,RH,,
505,Besc71-R44-Jun2018-ITS-LE,BESC71,Clatskanie,R44,June,2018,LE,,
506,Besc71-R44-Oct2018-ITS-LE,BESC71,Clatskanie,R44,Oct,2018,LE,,
680,BESC71-R44-Winter2019-ITS,BESC71,Clatskanie,R44,Feb,2019,RH,,
950,Besc71-r48-Aug2019-ITS,BESC71,Clatskanie,R48,Aug,2019,RH,,
507,Besc71-R48-Aug2019-ITS-LE,BESC71,Clatskanie,R48,Aug,2019,LE,,
951,Besc71-r48-Feb2018-ITS,BESC71,Clatskanie,R48,Feb,2018,RH,,
681,BESC71-R48-Jun2019-ITS,BESC71,Clatskanie,R48,June,2019,RH,,
508,Besc71-R48-Jun2019-ITS-LE,BESC71,Clatskanie,R48,June,2019,LE,,
864,Besc71-r48-Oct2019-ITS,BESC71,Clatskanie,R48,Oct,2019,RH,,
509,Besc71-R48-Oct2019-ITS-LE,BESC71,Clatskanie,R48,Oct,2019,LE,,
1021,Besc71-r48-Oct2019-ITS-redo,BESC71,Clatskanie,R48,Oct,2019,RH,,
510,Besc71-R9-Aug2019-ITS-LE,BESC71,Clatskanie,R09,Aug,2019,LE,,
952,Besc71-r9-Feb2018-ITS,BESC71,Clatskanie,R09,Feb,2018,RH,,
1022,Besc71-r9-Feb2018-ITS-redo,BESC71,Clatskanie,R09,Feb,2018,RH,,
682,BESC71-R9-Jun2019-ITS,BESC71,Clatskanie,R09,June,2019,RH,,
511,Besc71-R9-Jun2019-ITS-LE,BESC71,Clatskanie,R09,June,2019,LE,,
512,Besc71-R9-Oct2018-ITS-LE,BESC71,Clatskanie,R09,Oct,2018,LE,,
865,Besc71-r9-Oct2019-ITS,BESC71,Clatskanie,R09,Oct,2019,RH,,
513,Besc71-R9-Oct2019-ITS-LE,BESC71,Clatskanie,R09,Oct,2019,LE,,
953,Besc801-corv-r11-Aug2019-ITS,BESC801,Corvallis,R11,Aug,2019,RH,,
514,Besc801-corv-R11-Aug2019-ITS-LE,BESC801,Corvallis,R11,Aug,2019,LE,,
954,Besc801-corv-r11-Feb2018-ITS,BESC801,Corvallis,R11,Feb,2018,RH,,
1023,Besc801-corv-r11-Feb2018-ITS-redo,BESC801,Corvallis,R11,Feb,2018,RH,,
683,BESC801-Corv-R11-Jun2019-ITS,BESC801,Corvallis,R11,June,2019,RH,,
515,Besc801-corv-R11-Jun2019-ITS-LE,BESC801,Corvallis,R11,June,2019,LE,,
866,Besc801-corv-r11-Oct2019-ITS,BESC801,Corvallis,R11,Oct,2019,RH,,
516,Besc801-corv-R11-Oct2019-ITS-LE,BESC801,Corvallis,R11,Oct,2019,LE,,
517,Besc801-corv-R14-Aug2019-ITS-LE,BESC801,Corvallis,R14,Aug,2019,LE,,
867,Besc801-corv-r15-Jun2017-ITS,BESC801,Corvallis,R15,June,2017,RH,,
868,Besc801-corv-r17-Aug2018-ITS,BESC801,Corvallis,R17,Aug,2018,RH,,
955,Besc801-corv-r17-Feb2018-ITS,BESC801,Corvallis,R17,Feb,2018,RH,,
519,Besc801-corv-R17-Oct2018-ITS-LE,BESC801,Corvallis,R17,Oct,2018,LE,,
684,BESC801-Corv-R17-Winter2019-ITS,BESC801,Corvallis,R17,Feb,2019,RH,,
520,Besc801-corv-R2-Aug2019-ITS-LE,BESC801,Corvallis,R02,Aug,2019,LE,,
956,Besc801-corv-r2-Feb2018-ITS,BESC801,Corvallis,R02,Feb,2018,RH,,
685,BESC801-Corv-R2-Jun2019-ITS,BESC801,Corvallis,R02,June,2019,RH,,
521,Besc801-corv-R2-Jun2019-ITS-LE,BESC801,Corvallis,R02,June,2019,LE,,
522,Besc801-corv-R2-Oct2019-ITS-LE,BESC801,Corvallis,R02,Oct,2019,LE,,
1024,Besc801-corv-r2-Oct2019-ITS-redo,BESC801,Corvallis,R02,Oct,2019,RH,,
869,Besc801-corv-r7-Aug2018-ITS,BESC801,Corvallis,R07,Aug,2018,RH,,
957,Besc801-corv-r7-Jun2018-ITS,BESC801,Corvallis,R07,June,2018,RH,,
1059,Besc801-corv-R7-Oct2018-ITS_redo,BESC801,Corvallis,R07,Oct,2018,RH,,
523,Besc801-corv-R7-Oct2018-ITS-LE,BESC801,Corvallis,R07,Oct,2018,LE,,
686,BESC801-Corv-R7-Winter2019-ITS,BESC801,Corvallis,R07,Feb,2019,RH,,
958,Besc801-corv-r9-Aug2018-ITS,BESC801,Corvallis,R09,Aug,2018,RH,,
959,Besc801-corv-r9-Jun2018-ITS,BESC801,Corvallis,R09,June,2018,RH,,
524,Besc801-corv-R9-Jun2018-ITS-LE,BESC801,Corvallis,R09,June,2018,LE,,
525,Besc801-corv-R9-Oct2018-ITS-LE,BESC801,Corvallis,R09,Oct,2018,LE,,
687,BESC801-Corv-R9-Winter2019-ITS,BESC801,Corvallis,R09,Feb,2019,RH,,
526,Besc801-R1-Aug2019-ITS-LE,BESC801,Clatskanie,R01,Aug,2019,LE,,
870,Besc801-r16-Aug2018-ITS,BESC801,Clatskanie,R16,Aug,2018,RH,,
1025,Besc801-r16-Aug2018-ITS-redo,BESC801,Clatskanie,R16,Aug,2018,RH,,
527,Besc801-R16-Oct2018-ITS-LE,BESC801,Clatskanie,R16,Oct,2018,LE,,
688,BESC801-R16-Winter2019-ITS,BESC801,Clatskanie,R16,Feb,2019,RH,,
871,Besc801-r17-Jun2017-ITS,BESC801,Clatskanie,R17,June,2017,RH,,
1026,Besc801-r17-Jun2017-ITS-redo,BESC801,Clatskanie,R17,June,2017,RH,,
528,Besc801-R19-Aug2019-ITS-LE,BESC801,Clatskanie,R19,Aug,2019,LE,,
960,Besc801-r23-Aug2019-ITS,BESC801,Clatskanie,R23,Aug,2019,RH,,
529,Besc801-R23-Aug2019-ITS-LE,BESC801,Clatskanie,R23,Aug,2019,LE,,
1027,Besc801-r23-Aug2019-ITS-redo,BESC801,Clatskanie,R23,Aug,2019,RH,,
689,BESC801-R23-Jun2019-ITS,BESC801,Clatskanie,R23,June,2019,RH,,
530,Besc801-R23-Jun2019-ITS-LE,BESC801,Clatskanie,R23,June,2019,LE,,
1028,Besc801-r23-Oct2019-ITS-redo,BESC801,Clatskanie,R23,Oct,2019,RH,,
531,Besc801-R26-Jun2018-ITS-LE,BESC801,Clatskanie,R26,June,2018,LE,,
532,Besc801-R29-Aug2019-ITS-LE,BESC801,Clatskanie,R29,Aug,2019,LE,,
872,Besc801-r3-Aug2018-ITS,BESC801,Clatskanie,R03,Aug,2018,RH,,
533,Besc801-R3-Jun2018-ITS-LE,BESC801,Clatskanie,R03,June,2018,LE,,
534,Besc801-R3-Oct2018-ITS-LE,BESC801,Clatskanie,R03,Oct,2018,LE,,
690,BESC801-R3-Winter2019-ITS,BESC801,Clatskanie,R03,Feb,2019,RH,,
873,Besc801-r40-Jun2017-ITS,BESC801,Clatskanie,R40,June,2017,RH,,
874,Besc801-r41-Aug2018-ITS,BESC801,Clatskanie,R41,Aug,2018,RH,,
961,Besc801-r41-Jun2018-ITS,BESC801,Clatskanie,R41,June,2018,RH,,
536,Besc801-R41-Oct2018-ITS-LE,BESC801,Clatskanie,R41,Oct,2018,LE,,
691,BESC801-R41-Winter2019-ITS,BESC801,Clatskanie,R41,Feb,2019,RH,,
962,Besc801-r44-Feb2018-ITS,BESC801,Clatskanie,R44,Feb,2018,RH,,
692,BESC801-R44-Jun2019-ITS,BESC801,Clatskanie,R44,June,2019,RH,,
537,Besc801-R44-Jun2019-ITS-LE,BESC801,Clatskanie,R44,June,2019,LE,,
538,Besc801-R44-Oct2019-ITS-LE,BESC801,Clatskanie,R44,Oct,2019,LE,,
1029,Besc801-r44-Oct2019-ITS-redo,BESC801,Clatskanie,R44,Oct,2019,RH,,
963,Besc801-r7-Feb2018-ITS,BESC801,Clatskanie,R07,Feb,2018,RH,,
1060,Besc801-R7-Jun2018-ITS_redo,BESC801,Clatskanie,R07,June,2018,RH,,
539,Besc801-R7-Jun2018-ITS-LE,BESC801,Clatskanie,R07,June,2018,LE,,
540,Besc801-R8-Aug2019-ITS-LE,BESC801,Clatskanie,R08,Aug,2019,LE,,
693,BESC801-R8-Jun2019-ITS,BESC801,Clatskanie,R08,June,2019,RH,,
541,Besc801-R8-Jun2019-ITS-LE,BESC801,Clatskanie,R08,June,2019,LE,,
875,Besc801-r8-Oct2019-ITS,BESC801,Clatskanie,R08,Oct,2019,RH,,
542,Besc835-corv-R1-Aug2019-ITS-LE,BESC835,Corvallis,R01,Aug,2019,LE,,
964,Besc835-corv-r1-Feb2018-ITS,BESC835,Corvallis,R01,Feb,2018,RH,,
694,BESC835-Corv-R1-Jun2019-ITS,BESC835,Corvallis,R01,June,2019,RH,,
1030,Besc835-corv-r1-Oct2019-ITS-redo,BESC835,Corvallis,R01,Oct,2019,RH,,
1031,Besc835-corv-r10-Jun2018-ITS-redo,BESC835,Corvallis,R10,June,2018,RH,,
543,Besc835-corv-R12-Aug2019-ITS-LE,BESC835,Corvallis,R12,Aug,2019,LE,,
965,Besc835-corv-r12-Feb2018-ITS,BESC835,Corvallis,R12,Feb,2018,RH,,
544,Besc835-corv-R12-Jun2019-ITS-LE,BESC835,Corvallis,R12,June,2019,LE,,
876,Besc835-corv-r12-Oct2019-ITS,BESC835,Corvallis,R12,Oct,2019,RH,,
545,Besc835-corv-R12-Oct2019-ITS-LE,BESC835,Corvallis,R12,Oct,2019,LE,,
966,Besc835-corv-r14-Aug2018-ITS,BESC835,Corvallis,R14,Aug,2018,RH,,
546,Besc835-corv-R14-Aug2019-ITS-LE,BESC835,Corvallis,R14,Aug,2019,LE,,
967,Besc835-corv-r14-Jun2018-ITS,BESC835,Corvallis,R14,June,2018,RH,,
547,Besc835-corv-R14-Oct2018-ITS-LE,BESC835,Corvallis,R14,Oct,2018,LE,,
695,BESC835-Corv-R14-Winter2019-ITS,BESC835,Corvallis,R14,Feb,2019,RH,,
877,Besc835-corv-r16-Aug2018-ITS,BESC835,Corvallis,R16,Aug,2018,RH,,
968,Besc835-corv-r16-Jun2018-ITS,BESC835,Corvallis,R16,June,2018,RH,,
1061,Besc835-corv-R16-Oct2018-ITS_redo,BESC835,Corvallis,R16,Oct,2018,RH,,
548,Besc835-corv-R16-Oct2018-ITS-LE,BESC835,Corvallis,R16,Oct,2018,LE,,
696,BESC835-Corv-R16-Winter2019-ITS,BESC835,Corvallis,R16,Feb,2019,RH,,
969,Besc835-corv-r2-Aug2019-ITS,BESC835,Corvallis,R02,Aug,2019,RH,,
549,Besc835-corv-R2-Aug2019-ITS-LE,BESC835,Corvallis,R02,Aug,2019,LE,,
550,Besc835-corv-R22-Aug2019-ITS-LE,BESC835,Corvallis,R22,Aug,2019,LE,,
970,Besc835-corv-r5-Aug2019-ITS,BESC835,Corvallis,R05,Aug,2019,RH,,
551,Besc835-corv-R5-Aug2019-ITS-LE,BESC835,Corvallis,R05,Aug,2019,LE,,
971,Besc835-corv-r5-Feb2018-ITS,BESC835,Corvallis,R05,Feb,2018,RH,,
697,BESC835-Corv-R5-Jun2019-ITS,BESC835,Corvallis,R05,June,2019,RH,,
552,Besc835-corv-R5-Jun2019-ITS-LE,BESC835,Corvallis,R05,June,2019,LE,,
1032,BESC835-Corv-R5-Jun2019-ITS-redo,BESC835,Corvallis,R05,June,2019,RH,,
878,Besc835-corv-r5-Oct2019-ITS,BESC835,Corvallis,R05,Oct,2019,RH,,
553,Besc835-corv-R5-Oct2019-ITS-LE,BESC835,Corvallis,R05,Oct,2019,LE,,
1033,Besc835-corv-r6-Aug2018-ITS-redo,BESC835,Corvallis,R06,Aug,2018,RH,,
554,Besc835-corv-R6-Jun2018-ITS-LE,BESC835,Corvallis,R06,June,2018,LE,,
555,Besc835-corv-R6-Oct2018-ITS-LE,BESC835,Corvallis,R06,Oct,2018,LE,,
698,BESC835-Corv-R6-Winter2019-ITS,BESC835,Corvallis,R06,Feb,2019,RH,,
1034,Besc835-corv-r9-Jun2017-ITS-redo,BESC835,Corvallis,R09,June,2017,RH,,
556,besc835-R-Jun2019-ITS-LE,BESC835,Clatskanie,,June,2019,LE,,
557,Besc835-R1-Jun2019-ITS-LE,BESC835,Clatskanie,R01,June,2019,LE,,
879,Besc835-r10-Aug2018-ITS,BESC835,Clatskanie,R10,Aug,2018,RH,,
558,Besc835-R10-Oct2018-ITS-A-LE,BESC835,Clatskanie,R10,Oct,2018,LE,,
699,BESC835-R10-Winter2019-ITS,BESC835,Clatskanie,R10,Feb,2019,RH,,
560,Besc835-R11-Aug2019-ITS-LE,BESC835,Clatskanie,R11,Aug,2019,LE,,
700,BESC835-R12-Jun2019-ITS,BESC835,Clatskanie,R12,June,2019,RH,,
972,Besc835-r22-Feb2018-ITS,BESC835,Clatskanie,R22,Feb,2018,RH,,
701,BESC835-R22-Jun2019-ITS,BESC835,Clatskanie,R22,June,2019,RH,,
561,Besc835-R22-Jun2019-ITS-LE,BESC835,Clatskanie,R22,June,2019,LE,,
880,Besc835-r22-Oct2019-ITS,BESC835,Clatskanie,R22,Oct,2019,RH,,
562,Besc835-R22-Oct2019-ITS-LE,BESC835,Clatskanie,R22,Oct,2019,LE,,
973,Besc835-r23-Aug2018-ITS,BESC835,Clatskanie,R23,Aug,2018,RH,,
563,Besc835-R23-Jun2018-ITS-LE,BESC835,Clatskanie,R23,June,2018,LE,,
564,Besc835-R23-Oct2018-ITS-LE,BESC835,Clatskanie,R23,Oct,2018,LE,,
702,BESC835-R24-Winter2019-ITS,BESC835,Clatskanie,R24,Feb,2019,RH,,
565,Besc835-R30-Aug2019-ITS-LE,BESC835,Clatskanie,R30,Aug,2019,LE,,
881,Besc835-r41-Aug2018-ITS,BESC835,Clatskanie,R41,Aug,2018,RH,,
566,Besc835-R41-Jun2018-ITS-LE,BESC835,Clatskanie,R41,June,2018,LE,,
567,Besc835-R41-Oct2018-ITS-LE,BESC835,Clatskanie,R41,Oct,2018,LE,,
882,Besc835-r41-Oct2019-ITS,BESC835,Clatskanie,R41,Oct,2019,RH,,
568,Besc835-R41-Oct2019-ITS-LE,BESC835,Clatskanie,R41,Oct,2019,LE,,
1035,Besc835-r41-Oct2019-ITS-redo,BESC835,Clatskanie,R41,Oct,2019,RH,,
703,BESC835-R41-Winter2019-ITS,BESC835,Clatskanie,R41,Feb,2019,RH,,
569,Besc835-R42-Aug2019-ITS-LE,BESC835,Clatskanie,R42,Aug,2019,LE,,
974,Besc835-r42-Feb2018-ITS,BESC835,Clatskanie,R42,Feb,2018,RH,,
1036,Besc835-r42-Feb2018-ITS-redo,BESC835,Clatskanie,R42,Feb,2018,RH,,
704,BESC835-R42-Jun2019-ITS,BESC835,Clatskanie,R42,June,2019,RH,,
570,Besc835-R42-Jun2019-ITS-LE,BESC835,Clatskanie,R42,June,2019,LE,,
571,besc835-R8-Aug2019-ITS-LE,BESC835,Clatskanie,R08,Aug,2019,LE,,
975,Besc835-r8-Feb2018-ITS,BESC835,Clatskanie,R08,Feb,2018,RH,,
883,Besc835-r8-Oct2019-ITS,BESC835,Clatskanie,R08,Oct,2019,RH,,
1062,Besc835-R8-Oct2019-ITS_redo,BESC835,Clatskanie,R08,Oct,2019,RH,,
572,Besc835-R8-Oct2019-ITS-LE,BESC835,Clatskanie,R08,Oct,2019,LE,,
705,BESC835-R822-Jun2019-ITS,BESC835,Clatskanie,R822,June,2019,RH,,
573,Besc901-corv-R7-Aug2019-ITS-LE,BESC801,Corvallis,R07,Aug,2019,LE,,
574,Besccorv-R1-Oct2019-ITS-LE,,Corvallis,R01,Oct,2019,LE,,
976,Besd-22-corv-r7-Feb2018-ITS,BESC22,Corvallis,R07,Feb,2018,RH,,
977,Besdc-801-r23-Feb2018-ITS,BESC801,Clatskanie,R23,Feb,2018,RH,,
1038,Besdc-801-r23-Feb2018-ITS-redo,BESC801,Clatskanie,R23,Feb,2018,RH,,
706,D176-R11-Jun2019-ITS,D176,Clatskanie,R11,June,2019,RH,,
575,D176-R11-Jun2019-ITS-LE,D176,Clatskanie,R11,June,2019,LE,,
884,D176-r11-Oct2019-ITS,D176,Clatskanie,R11,Oct,2019,RH,,
885,D176-r17-Aug2018-ITS,D176,Clatskanie,R17,Aug,2018,RH,,
707,D176-R17-Fall2018-ITS,D176,Clatskanie,R17,Oct,2018,RH,,
802,D176-R17-Jan2019-ITS,D176,Clatskanie,R17,June,2018,RH,,
576,D176-R17-Jun2018-ITS-LE,D176,Clatskanie,R17,June,2018,LE,,
708,D176-R17-Jun2019-ITS,D176,Clatskanie,R17,June,2019,RH,,
577,D176-R17-Jun2019-ITS-LE,D176,Clatskanie,R17,June,2019,LE,,
578,D176-R17-Oct2018-ITS-LE,D176,Clatskanie,R17,Oct,2018,LE,,
886,D176-r17-Oct2019-ITS,D176,Clatskanie,R17,Oct,2019,RH,,
709,D176-R27-Winter2019-ITS,D176,Clatskanie,R27,Feb,2019,RH,,
579,D176-R47-Oct2019-ITS-LE,D176,Clatskanie,R47,Oct,2019,LE,,
978,D176-r5-Aug2018-ITS,D176,Clatskanie,R05,Aug,2018,RH,,
979,D176-r5-Aug2019-ITS,D176,Clatskanie,R05,Aug,2019,RH,,
580,D176-R5-Aug2019-ITS-LE,D176,Clatskanie,R05,Aug,2019,LE,,
803,D176-R5-Fall2018-ITS,D176,Clatskanie,R05,Oct,2018,RH,,
710,D176-R5-Jun2019-ITS,D176,Clatskanie,R05,June,2019,RH,,
581,D176-R5-Jun2019-ITS-LE,D176,Clatskanie,R05,June,2019,LE,,
582,D176-R5-Oct2018-ITS-LE,D176,Clatskanie,R05,Oct,2018,LE,,
887,D176-r5-Oct2019-ITS,D176,Clatskanie,R05,Oct,2019,RH,,
583,D176-R5-Oct2019-ITS-LE,D176,Clatskanie,R05,Oct,2019,LE,,
711,D176-R5-Winter2019-ITS,D176,Clatskanie,R05,Feb,2019,RH,,
584,D176-R6-Aug2019-ITS-LE,D176,Clatskanie,R06,Aug,2019,LE,,
585,D176-R8-Aug2019-ITS-LE,D176,Clatskanie,R08,Aug,2019,LE,,
888,D176-r9-Aug2018-ITS,D176,Clatskanie,R09,Aug,2018,RH,,
804,D176-R9-Fall2018-ITS,D176,Clatskanie,R09,Oct,2018,RH,,
586,D176-R9-Jun2018-ITS-LE,D176,Clatskanie,R09,June,2018,LE,,
587,D176-R9-Oct2018-ITS-LE,D176,Clatskanie,R09,Oct,2018,LE,,
712,D176-R9-Winter2019-ITS,D176,Clatskanie,R09,Feb,2019,RH,,
588,D17671-R11-Oct2019-ITS-LE,D176,Clatskanie,R11,Oct,2019,LE,,
805,D411-r14-Jun2017-ITS,D411,Clatskanie,R14,June,2017,RH,,
980,D411-r15-Aug2019-ITS,D411,Clatskanie,R15,Aug,2019,RH,,
981,D411-r15-Feb2018-ITS,D411,Clatskanie,R15,Feb,2018,RH,,
713,D411-R15-Jun2019-ITS,D411,Clatskanie,R15,June,2019,RH,,
589,D411-R15-Jun2019-ITS-LE,D411,Clatskanie,R15,June,2019,LE,,
889,D411-r15-Oct2019-ITS,D411,Clatskanie,R15,Oct,2019,RH,,
590,D411-R15-Oct2019-ITS-LE,D411,Clatskanie,R15,Oct,2019,LE,,
890,D411-r17-Aug2018-ITS,D411,Clatskanie,R17,Aug,2018,RH,,
982,D411-r17-Aug2019-ITS,D411,Clatskanie,R17,Aug,2019,RH,,
591,D411-R17-Aug2019-ITS-LE,D411,Clatskanie,R17,Aug,2019,LE,,
806,D411-R17-Fall2018-ITS,D411,Clatskanie,R17,Oct,2018,RH,,
807,D411-R17-Jan2019-ITS,D411,Clatskanie,R17,June,2018,RH,,
592,D411-R17-Jun2018-ITS-LE,D411,Clatskanie,R17,June,2018,LE,,
593,D411-R17-Oct2018-ITS-LE,D411,Clatskanie,R17,Oct,2018,LE,,
714,D411-R17-Winter2019-ITS,D411,Clatskanie,R17,Feb,2019,RH,,
891,D411-r22-Aug2018-ITS,D411,Clatskanie,R22,Aug,2018,RH,,
808,D411-R22-Jan2019-ITS,D411,Clatskanie,R22,June,2018,RH,,
1063,D411-R22-Oct2018-ITS_redo,D411,Clatskanie,R22,Oct,2018,RH,,
594,D411-R22-Oct2018-ITS-LE,D411,Clatskanie,R22,Oct,2018,LE,,
715,D411-R22-Winter2019-ITS,D411,Clatskanie,R22,Feb,2019,RH,,
809,D411-r23-Jun2017-ITS,D411,Clatskanie,R23,June,2017,RH,,
595,D411-R26-Aug2019-ITS-LE,D411,Clatskanie,R26,Aug,2019,LE,,
983,D411-r26-Feb2018-ITS,D411,Clatskanie,R26,Feb,2018,RH,,
1039,D411-r26-Feb2018-ITS-redo,D411,Clatskanie,R26,Feb,2018,RH,,
716,D411-R26-Jun2019-ITS,D411,Clatskanie,R26,June,2019,RH,,
596,D411-R26-Jun2019-ITS-LE,D411,Clatskanie,R26,June,2019,LE,,
892,D411-r26-Oct2019-ITS,D411,Clatskanie,R26,Oct,2019,RH,,
597,D411-R26-Oct2019-ITS-LE,D411,Clatskanie,R26,Oct,2019,LE,,
598,D411-R4-Aug2019-ITS-LE,D411,Clatskanie,R04,Aug,2019,LE,,
984,D411-r4-Feb2018-ITS,D411,Clatskanie,R04,Feb,2018,RH,,
1040,D411-r4-Feb2018-ITS-redo,D411,Clatskanie,R04,Feb,2018,RH,,
717,D411-R4-Jun2019-ITS,D411,Clatskanie,R04,June,2019,RH,,
599,D411-R4-Jun2019-ITS-LE,D411,Clatskanie,R04,June,2019,LE,,
893,D411-r4-Oct2019-ITS,D411,Clatskanie,R04,Oct,2019,RH,,
600,D411-R4-Oct2019-ITS-LE,D411,Clatskanie,R04,Oct,2019,LE,,
601,D411-R5-Aug2019-ITS-LE,D411,Clatskanie,R05,Aug,2019,LE,,
894,D411-r6-Jun2017-ITS,D411,Clatskanie,R06,June,2017,RH,,
895,D411-r7-Aug2018-ITS,D411,Clatskanie,R07,Aug,2018,RH,,
1041,D411-r7-Aug2018-ITS-redo,D411,Clatskanie,R07,Aug,2018,RH,,
810,D411-R7-Fall2018-ITS,D411,Clatskanie,R07,Oct,2018,RH,,
811,D411-R7-Jan2019-ITS,D411,Clatskanie,R07,June,2018,RH,,
602,D411-R7-Oct2018-ITS-A-LE,D411,Clatskanie,R07,Oct,2018,LE,,
985,D411-r8-Aug2019-ITS,D411,Clatskanie,R08,Aug,2019,RH,,
604,D411-R8-Aug2019-ITS-LE,D411,Clatskanie,R08,Aug,2019,LE,,
718,D411-R8-Winter2019-ITS,D411,Clatskanie,R08,Feb,2019,RH,,
986,DD176-r11-Feb2018-ITS,D176,Clatskanie,R11,Feb,2018,RH,,
896,DD176-r12-Jun2017-ITS,D176,Clatskanie,R12,June,2017,RH,,
812,DD176-r15-Jun2017-ITS,D176,Clatskanie,R15,June,2017,RH,,
987,DD176-r17-Feb2018-ITS,D176,Clatskanie,R17,Feb,2018,RH,,
988,DD176-r5-Feb2018-ITS,D176,Clatskanie,R05,Feb,2018,RH,,
813,DD176-R5-Jan2019-ITS,D176,Clatskanie,R05,June,2018,RH,,
897,DD176-r7-Jun2017-ITS,D176,Clatskanie,R07,June,2017,RH,,
814,DD176-R9-Jan2019-ITS,D176,Clatskanie,R09,June,2018,RH,,
989,GW9823-corv-r1-Aug2018-ITS,GW9823,Corvallis,R01,Aug,2018,RH,,
990,GW9823-corv-r1-Aug2019-ITS,GW9823,Corvallis,R01,Aug,2019,RH,,
1042,GW9823-corv-r1-Aug2019-ITS-redo,GW9823,Corvallis,R01,Aug,2019,RH,,
815,GW9823-corv-R1-Jan2019-ITS,GW9823,Corvallis,R01,June,2018,RH,,
719,GW9823-Corv-R1-Winter2019-ITS,GW9823,Corvallis,R01,Feb,2019,RH,,
816,GW9823-corv-r12-Jun2017-ITS,GW9823,Corvallis,R12,June,2017,RH,,
898,GW9823-corv-r3-Jun2017-ITS,GW9823,Corvallis,R03,June,2017,RH,,
1043,GW9823-corv-r3-Jun2017-ITS-redo,GW9823,Corvallis,R03,June,2017,RH,,
991,GW9823-corv-r5-Feb2018-ITS,GW9823,Corvallis,R05,Feb,2018,RH,,
1044,GW9823-corv-r5-Feb2018-ITS-redo,GW9823,Corvallis,R05,Feb,2018,RH,,
720,GW9823-Corv-R5-Jun2019-ITS,GW9823,Corvallis,R05,June,2019,RH,,
899,GW9823-corv-r5-Oct2019-ITS,GW9823,Corvallis,R05,Oct,2019,RH,,
1045,GW9823-corv-r5-Oct2019-ITS-redo,GW9823,Corvallis,R05,Oct,2019,RH,,
817,GW9823-corv-r7-Jun2017-ITS,GW9823,Corvallis,R07,June,2017,RH,,
900,GW9823-corv-r8-Aug2018-ITS,GW9823,Corvallis,R08,Aug,2018,RH,,
818,GW9823-corv-R8-Fall2018-ITS,GW9823,Corvallis,R08,Oct,2018,RH,,
819,GW9823-corv-R8-Jan2019-ITS,GW9823,Corvallis,R08,June,2018,RH,,
606,GW9823-corv-R8-Jun2018-ITS-LE,GW9823,Corvallis,R08,June,2018,LE,,
607,GW9823-corv-R8-Oct2018-ITS-LE,GW9823,Corvallis,R08,Oct,2018,LE,,
721,GW9823-Corv-R8-Winter2019-ITS,GW9823,Corvallis,R08,Feb,2019,RH,,
901,GW9823-r12-Jun2017-ITS,GW9823,Clatskanie,R12,June,2017,RH,,
608,GW9823-R13-Aug2019-ITS-LE,GW9823,Clatskanie,R13,Aug,2019,LE,,
609,GW9823-R28-Aug2019-ITS-LE,GW9823,Clatskanie,R28,Aug,2019,LE,,
902,GW9823-r32-Aug2018-ITS,GW9823,Clatskanie,R32,Aug,2018,RH,,
820,GW9823-R32-Fall2018-ITS,GW9823,Clatskanie,R32,Oct,2018,RH,,
821,GW9823-R32-Jan2019-ITS,GW9823,Clatskanie,R32,June,2018,RH,,
610,GW9823-R32-Jun2018-ITS-LE,GW9823,Clatskanie,R32,June,2018,LE,,
611,GW9823-R32-Oct2018-ITS-LE,GW9823,Clatskanie,R32,Oct,2018,LE,,
722,GW9823-R32-Winter2019-ITS,GW9823,Clatskanie,R32,Feb,2019,RH,,
992,GW9823-r35-Aug2019-ITS,GW9823,Clatskanie,R35,Aug,2019,RH,,
612,GW9823-R35-Aug2019-ITS-LE,GW9823,Clatskanie,R35,Aug,2019,LE,,
993,GW9823-r35-Feb2018-ITS,GW9823,Clatskanie,R35,Feb,2018,RH,,
723,GW9823-R35-Jun2019-ITS,GW9823,Clatskanie,R35,June,2019,RH,,
613,GW9823-R35-Jun2019-ITS-LE,GW9823,Clatskanie,R35,June,2019,LE,,
903,GW9823-r35-Oct2019-ITS,GW9823,Clatskanie,R35,Oct,2019,RH,,
614,GW9823-R35-Oct2019-ITS-LE,GW9823,Clatskanie,R35,Oct,2019,LE,,
1046,GW9823-r35-Oct2019-ITS-redo,GW9823,Clatskanie,R35,Oct,2019,RH,,
904,GW9823-r43-Aug2018-ITS,GW9823,Clatskanie,R43,Aug,2018,RH,,
822,GW9823-R43-Jan2019-ITS,GW9823,Clatskanie,R43,June,2018,RH,,
615,GW9823-R43-Jun2018-ITS-LE,GW9823,Clatskanie,R43,June,2018,LE,,
616,GW9823-R43-Oct2018-ITS-LE,GW9823,Clatskanie,R43,Oct,2018,LE,,
724,GW9823-R43-Winter2019-ITS,GW9823,Clatskanie,R43,Feb,2019,RH,,
905,GW9823-r48-Jun2017-ITS,GW9823,Clatskanie,R48,June,2017,RH,,
994,GW9823-r49-Aug2019-ITS,GW9823,Clatskanie,R49,Aug,2019,RH,,
617,GW9823-R49-Aug2019-ITS-LE,GW9823,Clatskanie,R49,Aug,2019,LE,,
995,GW9823-r49-Feb2018-ITS,GW9823,Clatskanie,R49,Feb,2018,RH,,
1047,GW9823-r49-Feb2018-ITS-redo,GW9823,Clatskanie,R49,Feb,2018,RH,,
725,GW9823-R49-Jun2019-ITS,GW9823,Clatskanie,R49,June,2019,RH,,
618,GW9823-R49-Jun2019-ITS-LE,GW9823,Clatskanie,R49,June,2019,LE,,
906,GW9823-r49-Oct2019-ITS,GW9823,Clatskanie,R49,Oct,2019,RH,,
619,GW9823-R49-Oct2019-ITS-LE,GW9823,Clatskanie,R49,Oct,2019,LE,,
996,GW9823-r5-Aug2019-ITS,GW9823,Clatskanie,R05,Aug,2019,RH,,
1048,GW9823-r5-Aug2019-ITS-redo,GW9823,Clatskanie,R05,Aug,2019,RH,,
997,GW9823-r5-Feb2018-ITS,GW9823,Clatskanie,R05,Feb,2018,RH,,
1049,GW9823-r5-Feb2018-ITS-redo,GW9823,Clatskanie,R05,Feb,2018,RH,,
726,GW9823-R5-Jun2019-ITS,GW9823,Clatskanie,R05,June,2019,RH,,
620,GW9823-R5-Jun2019-ITS-LE,GW9823,Clatskanie,R05,June,2019,LE,,
907,GW9823-r5-Oct2019-ITS,GW9823,Clatskanie,R05,Oct,2019,RH,,
621,GW9823-R5-Oct2019-ITS-LE,GW9823,Clatskanie,R05,Oct,2019,LE,,
1050,GW9823-r5-Oct2019-ITS-redo,GW9823,Clatskanie,R05,Oct,2019,RH,,
622,GW9823-R6-Aug2019-ITS-LE,GW9823,Clatskanie,R06,Aug,2019,LE,,
998,GW9823-r8-Aug2018-ITS,GW9823,Clatskanie,R08,Aug,2018,RH,,
999,GW9823-r8-Jun2018-ITS,GW9823,Clatskanie,R08,June,2018,RH,,
623,GW9823-R8-Jun2018-ITS-LE,GW9823,Clatskanie,R08,June,2018,LE,,
727,GW9823-R8-Winter2019-ITS,GW9823,Clatskanie,R08,Feb,2019,RH,,
624,GW9823corv-R1-Aug2019-ITS-LE,GW9823,Corvallis,R01,Aug,2019,LE,,
625,GW9823corv-R1-Jun2018-ITS-LE,GW9823,Corvallis,R01,June,2018,LE,,
626,GW9823corv-R1A-Oct2018-ITS-LE,GW9823,Corvallis,R01,Oct,2018,LE,,
628,GW9823corv-R5-Aug2019-ITS-LE,GW9823,Corvallis,R05,Aug,2019,LE,,
629,GW9823corv-R5-Jun2019-ITS-LE,GW9823,Corvallis,R05,June,2019,LE,,
630,GW9823corv-R5-Oct2019-ITS-LE,GW9823,Corvallis,R05,Oct,2019,LE,,
631,label-unknown-Aug2019-ITS-LE,,,,Aug,2019,LE,,
212,S1-ITS-RE-PL1-2,BESC801,Clatskanie,R41,June,2018,RE,,
213,S10-ITS-RE-PL1-2,BESC835,Corvallis,R06,June,2018,RE,,
1064,S10-ITS-RE-PL1-2_redo,BESC835,Corvallis,R06,June,2018,RE,,
214,S100-ITS-RE-PL1-2,D411,Clatskanie,R07,Oct,2018,RE,,
1065,S100-ITS-RE-PL1-2_redo,D411,Clatskanie,R07,Oct,2018,RE,,
215,S101-ITS-RE-PL1-2,BESC71,Clatskanie,R44,Oct,2018,RE,,
216,S102-ITS-RE-PL1-2,BESC261,Corvallis,R02,Oct,2018,RE,,
217,S103-ITS-RE-PL1-2,BESC103,Corvallis,R16,Oct,2018,RE,,
1066,S103-ITS-RE-PL1-2_redo,BESC103,Corvallis,R16,Oct,2018,RE,,
218,S104-ITS-RE-PL1-2,BESC801,Clatskanie,R16,Oct,2018,RE,,
1067,S104-ITS-RE-PL1-2_redo,BESC801,Clatskanie,R16,Oct,2018,RE,,
219,S105-ITS-RE-PL1-2,BESC148,Clatskanie,R01,Oct,2018,RE,,
220,S106-ITS-RE-PL1-2,BESC261,Corvallis,R10,Oct,2018,RE,,
221,S107-ITS-RE-PL1-2,GW9823,Corvallis,R01,Oct,2018,RE,,
222,S108-ITS-RE-PL1-2,BESC103,Corvallis,R09,Oct,2018,RE,,
1068,S108-ITS-RE-PL1-2_redo,BESC103,Corvallis,R09,Oct,2018,RE,,
223,S109-ITS-RE-PL1-2,BESC148,Clatskanie,R17,Oct,2018,RE,,
6,S10A-P3-Root-ITS,BESC22,Corvallis,R07,Aug,2019,RE,,
1069,S10A-P3-Root-ITS-RE_redo,BESC22,Corvallis,R07,Aug,2019,RE,,
7,S10A-P4-Root-ITS,BESC801,Clatskanie,R08,Oct,2019,RE,,
8,S10B-P4-Root-ITS,BESC801,Clatskanie,R23,Oct,2019,RE,,
9,S10C-P4-Root-ITS,GW9823,Corvallis,R05,Oct,2019,RE,,
10,S10D-P4-Root-ITS,D411,Clatskanie,R04,Oct,2019,RE,,
11,S10E-P4-Root-ITS,BESC835,Corvallis,R12,Oct,2019,RE,,
12,S10F-P4-Root-ITS,BESC71,Clatskanie,R09,Oct,2019,RE,,
13,S10G-P4-Root-ITS,BESC103,Corvallis,R06,Oct,2019,RE,,
14,S10H-P4-Root-ITS,D176,Clatskanie,R05,Oct,2019,RE,,
224,S11-ITS-RE-PL1-2,BESC148,Clatskanie,R17,June,2018,RE,,
1070,S11-ITS-RE-PL1-2_redo,BESC148,Clatskanie,R17,June,2018,RE,,
225,S110-ITS-RE-PL1-2,BESC835,Clatskanie,R10,Oct,2018,RE,,
1071,S110-ITS-RE-PL1-2_redo,BESC835,Clatskanie,R10,Oct,2018,RE,,
226,S111-ITS-RE-PL1-2,GW9823,Clatskanie,R32,Oct,2018,RE,,
227,S112-ITS-RE-PL1-2,D411,Clatskanie,R17,Oct,2018,RE,,
228,S113-ITS-RE-PL1-2,BESC801,Corvallis,R07,Oct,2018,RE,,
229,S114-ITS-RE-PL1-2,BESC801,Clatskanie,R09,Oct,2018,RE,,
230,S115-ITS-RE-PL1-2,BESC835,Corvallis,R06,Oct,2018,RE,,
231,S116-ITS-RE-PL1-2,BESC22,Corvallis,R16,Oct,2018,RE,,
1072,S116-ITS-RE-PL1-2_redo,BESC22,Corvallis,R16,Oct,2018,RE,,
232,S117-ITS-RE-PL1-2,BESC103,Corvallis,R03,Oct,2018,RE,,
233,S118-ITS-RE-PL1-2,BESC22,Corvallis,R11,Oct,2018,RE,,
1073,S118-ITS-RE-PL1-2_redo,BESC22,Corvallis,R11,Oct,2018,RE,,
234,S119-ITS-RE-PL1-2,BESC148,Clatskanie,R08,Oct,2018,RE,,
15,S11A-P4-Root-ITS,,Corvallis,R12,Oct,2019,RE,,
16,S11B-P4-Root-ITS,BESC103,Clatskanie,R07,Oct,2019,RE,,
17,S11C-P4-Root-ITS,BESC148,Corvallis,R04,Oct,2019,RE,,
18,S11D-P4-Root-ITS,BESC835,Clatskanie,R41,Oct,2019,RE,,
19,S11E-P4-Root-ITS,BESC148,Clatskanie,R11,Oct,2019,RE,,
20,S11F-P4-Root-ITS,BESC103,Clatskanie,R41,Oct,2019,RE,,
21,S11G-P4-Root-ITS,BESC22,Corvallis,R07,Oct,2019,RE,,
22,S11H-P4-Root-ITS,BESC71,Corvallis,R05,Oct,2019,RE,,
235,S12-ITS-RE-PL1-2,BESC148,Clatskanie,R08,June,2018,RE,,
236,S120-ITS-RE-PL1-2,D176,Clatskanie,R17,Oct,2018,RE,,
237,S121-ITS-RE-PL1-2,D411,Clatskanie,R22,Oct,2018,RE,,
1074,S121-ITS-RE-PL1-2_redo,D411,Clatskanie,R22,Oct,2018,RE,,
238,S122-ITS-RE-PL1-2,GW9823,Clatskanie,R43,Oct,2018,RE,,
239,S123-ITS-RE-PL1-2,D176,Clatskanie,R09,Oct,2018,RE,,
240,S124-ITS-RE-PL1-2,D176,Clatskanie,R05,Oct,2018,RE,,
1075,S124-ITS-RE-PL1-2_redo,D176,Clatskanie,R05,Oct,2018,RE,,
241,S125-ITS-RE-PL1-2,BESC801,Clatskanie,R03,Oct,2018,RE,,
242,S126-ITS-RE-PL1-2,BESC261,Corvallis,R16,Oct,2018,RE,,
243,S127-ITS-RE-PL1-2,BESC22,Corvallis,R06,Oct,2018,RE,,
244,S128-ITS-RE-PL1-2,BESC71,Corvallis,R01,Oct,2018,RE,,
245,S129-ITS-RE-PL1-2,GW9823,Clatskanie,R08,Oct,2018,RE,,
23,S12A-P4-Root-ITS,BESC71,Corvallis,R17,Oct,2019,RE,,
24,S12B-P4-Root-ITS,D176,Clatskanie,R11,Oct,2019,RE,,
246,S13-ITS-RE-PL1-2,BESC148,Clatskanie,R04,June,2018,RE,,
247,S130-ITS-RE-PL1-2,BESC801,Corvallis,R17,Oct,2018,RE,,
248,S131-ITS-RE-PL1-2,BESC71,Corvallis,R17,Oct,2018,RE,,
249,S132-ITS-RE-PL1-2,BESC835,Clatskanie,R41,Oct,2018,RE,,
250,S133-ITS-RE-PL1-2,BESC148,Corvallis,R07,Oct,2018,RE,,
251,S134-ITS-RE-PL1-2,BESC103,Clatskanie,R40,Oct,2018,RE,,
252,S135-ITS-RE-PL1-2,BESC71,Clatskanie,R03,Oct,2018,RE,,
253,S136-ITS-RE-PL1-2,BESC835,Clatskanie,R23,Oct,2018,RE,,
254,S137-ITS-RE-PL1-2,BESC103,Clatskanie,R11,Oct,2018,RE,,
255,S138-ITS-RE-PL1-2,BESC801,Clatskanie,R41,Oct,2018,RE,,
256,S139-ITS-RE-PL1-2,BESC103,Clatskanie,R23,Oct,2018,RE,,
257,S14-ITS-RE-PL1-2,BESC835,Corvallis,R16,June,2018,RE,,
258,S140-ITS-RE-PL1-2,BESC71,Corvallis,R09,Oct,2018,RE,,
259,S141-ITS-RE-PL1-2,BESC71,Clatskanie,R21,Oct,2018,RE,,
260,S142-ITS-RE-PL1-2,BESC148,Corvallis,R01,Oct,2018,RE,,
261,S143-ITS-RE-PL1-2,BESC148,Clatskanie,R16,Feb,2019,RE,,
262,S144-ITS-RE-PL1-2,BESC103,Clatskanie,R40,Feb,2019,RE,,
263,S145-ITS-RE-PL1-2,BESC71,Clatskanie,R44,Feb,2019,RE,,
1076,S145-ITS-RE-PL1-2_redo,BESC71,Clatskanie,R44,Feb,2019,RE,,
264,S146-ITS-RE-PL1-2,BESC103,Corvallis,R03,Feb,2019,RE,,
265,S147-ITS-RE-PL1-2,BESC103,Corvallis,R09,Feb,2019,RE,,
266,S148-ITS-RE-PL1-2,BESC835,Corvallis,R14,Feb,2019,RE,,
1077,S148-ITS-RE-PL1-2_redo,BESC835,Corvallis,R14,Feb,2019,RE,,
267,S149-ITS-RE-PL1-2,GW9823,Corvallis,R08,Feb,2019,RE,,
268,S15-ITS-RE-PL1-2,BESC835,Corvallis,R14,June,2018,RE,,
1078,S15-ITS-RE-PL1-2_redo,BESC835,Corvallis,R14,June,2018,RE,,
269,S150-ITS-RE-PL1-2,BESC801,Corvallis,R07,Feb,2019,RE,,
270,S151-ITS-RE-PL1-2,BESC261,Corvallis,R10,Feb,2019,RE,,
271,S152-ITS-RE-PL1-2,GW9823,Clatskanie,R32,Feb,2019,RE,,
272,S153-ITS-RE-PL1-2,BESC148,Corvallis,R07,Feb,2019,RE,,
273,S154-ITS-RE-PL1-2,BESC835,Clatskanie,R10,Feb,2019,RE,,
274,S155-ITS-RE-PL1-2,BESC261,Corvallis,R15,Feb,2019,RE,,
275,S156-ITS-RE-PL1-2,BESC103,Clatskanie,R11,Feb,2019,RE,,
276,S157-ITS-RE-PL1-2,BESC261,Corvallis,R02,Feb,2019,RE,,
277,S158-ITS-RE-PL1-2,BESC71,Corvallis,R01,Feb,2019,RE,,
278,S159-ITS-RE-PL1-2,BESC71,Corvallis,R09,Feb,2019,RE,,
279,S16-ITS-RE-PL1-2,D411,Clatskanie,R22,June,2018,RE,,
1079,S16-ITS-RE-PL1-2_redo,D411,Clatskanie,R22,June,2018,RE,,
280,S160-ITS-RE-PL1-2,BESC801,Corvallis,R09,Feb,2019,RE,,
281,S161-ITS-RE-PL1-2,BESC148,Clatskanie,R01,Feb,2019,RE,,
282,S162-ITS-RE-PL1-2,D411,Clatskanie,R22,Feb,2019,RE,,
283,S163-ITS-RE-PL1-2,BESC801,Clatskanie,R03,Feb,2019,RE,,
284,S164-ITS-RE-PL1-2,GW9823,Clatskanie,R43,Feb,2019,RE,,
285,S165-ITS-RE-PL1-2,BESC103,Corvallis,R16,Feb,2019,RE,,
286,S166-ITS-RE-PL1-2,D176,Clatskanie,R09,Feb,2019,RE,,
287,S167-ITS-RE-PL1-2,GW9823,Clatskanie,R08,Feb,2019,RE,,
288,S168-ITS-RE-PL1-2,D411,Clatskanie,R17,Feb,2019,RE,,
289,S169-ITS-RE-PL1-2,BESC71,Corvallis,R17,Feb,2019,RE,,
1080,S169-ITS-RE-PL1-2_redo,BESC71,Corvallis,R17,Feb,2019,RE,,
290,S17-ITS-RE-PL1-2,BESC103,Corvallis,R09,June,2018,RE,,
291,S170-ITS-RE-PL1-2,BESC71,Clatskanie,R03,Feb,2019,RE,,
292,S171-ITS-RE-PL1-2,BESC22,Corvallis,R16,Feb,2019,RE,,
293,S172-ITS-RE-PL1-2,BESC835,Corvallis,R06,Feb,2019,RE,,
294,S173-ITS-RE-PL1-2,D176,Clatskanie,R27,Feb,2019,RE,,
295,S174-ITS-RE-PL1-2,BESC22,Corvallis,R11,Feb,2019,RE,,
1081,S174-ITS-RE-PL1-2_redo,BESC22,Corvallis,R11,Feb,2019,RE,,
296,S175-ITS-RE-PL1-2,BESC103,Clatskanie,R23,Feb,2019,RE,,
297,S176-ITS-RE-PL1-2,D176,Clatskanie,R05,Feb,2019,RE,,
298,S177-ITS-RE-PL1-2,BESC801,Clatskanie,R41,Feb,2019,RE,,
299,S178-ITS-RE-PL1-2,BESC801,Clatskanie,R16,Feb,2019,RE,,
300,S179-ITS-RE-PL1-2,BESC835,Corvallis,R16,Feb,2019,RE,,
1082,S179-ITS-RE-PL1-2_redo,BESC835,Corvallis,R16,Feb,2019,RE,,
301,S18-ITS-RE-PL1-2,BESC148,Clatskanie,R07,June,2018,RE,,
302,S180-ITS-RE-PL1-2,BESC835,Clatskanie,R24,Feb,2019,RE,,
1083,S180-ITS-RE-PL1-2_redo,BESC835,Clatskanie,R24,Feb,2019,RE,,
303,S181-ITS-RE-PL1-2,BESC801,Corvallis,R17,Feb,2019,RE,,
304,S182-ITS-RE-PL1-2,BESC835,Clatskanie,R41,Feb,2019,RE,,
305,S183-ITS-RE-PL1-2,BESC22,Corvallis,R04,Feb,2019,RE,,
306,S184-ITS-RE-PL1-2,BESC71,Clatskanie,R21,Feb,2019,RE,,
307,S185-ITS-RE-PL1-2,GW9823,Corvallis,R01,Feb,2019,RE,,
1084,S187-ITS-RE-PL1-2_redo,BESC148,Clatskanie,R08,Feb,2019,RE,,
1085,S188-ITS-RE-PL1-2_redo,D411,Clatskanie,R08,Feb,2019,RE,,
308,S19-ITS-RE-PL1-2,BESC835,Clatskanie,R23,June,2018,RE,,
1086,S1A-ITS-LE-REDO_redo,D411,Clatskanie,R22,Aug,2018,LE,,
25,S1A-P3-Root-ITS,BESC261,Corvallis,R04,Aug,2019,RE,,
26,S1A-P4-Root-ITS,BESC22,Corvallis,R16,Aug,2018,RE,,
27,S1A-P5-Root-ITS,BESC835,Clatskanie,R22,June,2019,RE,,
1087,S1B-ITS-LE-REDO_redo,BESC148,Clatskanie,R17,Aug,2018,LE,,
28,S1B-P3-Root-ITS,BESC148,Corvallis,R05,Aug,2019,RE,,
29,S1B-P4-Root-ITS,GW9823,Clatskanie,R08,Aug,2018,RE,,
30,S1B-P5-Root-ITS,BESC261,Corvallis,R15,June,2019,RE,,
1088,S1C-ITS-LE-REDO_redo,BESC148,Clatskanie,R08,Aug,2018,LE,,
31,S1C-P3-Root-ITS,BESC835,Clatskanie,R11,Aug,2019,RE,,
32,S1C-P4-Root-ITS,BESC148,Clatskanie,R01,Aug,2018,RE,,
33,S1C-P5-Root-ITS,BESC71,Corvallis,R10,June,2019,RE,,
1089,S1D-ITS-LE-REDO_redo,BESC71,Corvallis,R01,Aug,2018,LE,,
34,S1D-P3-Root-ITS,GW9823,Clatskanie,R35,Aug,2019,RE,,
35,S1D-P4-Root-ITS,BESC103,Clatskanie,R23,Aug,2018,RE,,
36,S1D-P5-Root-ITS,D176,Clatskanie,R11,June,2019,RE,,
1090,S1E-ITS-LE-REDO_redo,BESC801,Corvallis,R09,Aug,2018,LE,,
37,S1E-P3-Root-ITS,BESC801,Clatskanie,R23,Aug,2019,RE,,
38,S1E-P4-Root-ITS,BESC835,Corvallis,R14,Aug,2018,RE,,
39,S1E-P5-Root-ITS,BESC801,Clatskanie,R44,June,2019,RE,,
1091,S1F-ITS-LE-REDO_redo,BESC148,Clatskanie,R01,Aug,2018,LE,,
40,S1F-P3-Root-ITS,BESC103,Corvallis,R03,Aug,2019,RE,,
41,S1F-P4-Root-ITS,BESC71,Clatskanie,R44,Aug,2018,RE,,
42,S1F-P5-Root-ITS,BESC103,Corvallis,R06,June,2019,RE,,
1092,S1G-ITS-LE-REDO_redo,BESC835,Corvallis,R16,Aug,2018,LE,,
43,S1G-P3-Root-ITS,BESC801,Clatskanie,R29,Aug,2019,RE,,
44,S1G-P4-Root-ITS,BESC801,Corvallis,R17,Aug,2018,RE,,
45,S1G-P5-Root-ITS,BESC22,Corvallis,R03,June,2019,RE,,
1093,S1H-ITS-LE-REDO_redo,BESC835,Corvallis,R14,Aug,2018,LE,,
46,S1H-P3-Root-ITS,BESC71,Clatskanie,R48,Aug,2019,RE,,
47,S1H-P4-Root-ITS,BESC835,Corvallis,R06,Aug,2018,RE,,
48,S1H-P5-Root-ITS,BESC835,Corvallis,R12,June,2019,RE,,
309,S2-ITS-RE-PL1-2,BESC103,Clatskanie,R40,June,2018,RE,,
310,S20-ITS-RE-PL1-2,BESC22,Corvallis,R11,June,2018,RE,,
311,S21-ITS-RE-PL1-2,BESC71,Corvallis,R09,June,2018,RE,,
312,S22-ITS-RE-PL1-2,BESC71,Clatskanie,R21,June,2018,RE,,
313,S23-ITS-RE-PL1-2,BESC103,Clatskanie,R23,June,2018,RE,,
1094,S23-ITS-RE-PL1-2_redo,BESC103,Clatskanie,R23,June,2018,RE,,
314,S24-ITS-RE-PL1-2,BESC261,Corvallis,R10,June,2018,RE,,
315,S25-ITS-RE-PL1-2,D176,Clatskanie,R09,June,2018,RE,,
316,S26-ITS-RE-PL1-2,GW9823,Clatskanie,R32,June,2018,RE,,
317,S27-ITS-RE-PL1-2,GW9823,Corvallis,R08,June,2018,RE,,
318,S28-ITS-RE-PL1-2,BESC801,Corvallis,R16,June,2018,RE,,
319,S29-ITS-RE-PL1-2,BESC801,Corvallis,R09,June,2018,RE,,
1095,S2A-ITS-LE-REDO_redo,BESC835,Corvallis,R06,Aug,2018,LE,,
49,S2A-P3-Root-ITS,BESC148,Corvallis,R04,Aug,2019,RE,,
1096,S2A-P3-Root-ITS-RE_redo,BESC148,Corvallis,R04,Aug,2019,RE,,
50,S2A-P4-Root-ITS,D176,Clatskanie,R05,Aug,2018,RE,,
51,S2A-P5-Root-ITS,BESC71,Clatskanie,R09,June,2019,RE,,
52,S2B-P3-Root-ITS,BESC103,Clatskanie,R24,Aug,2019,RE,,
53,S2B-P4-Root-ITS,GW9823,Clatskanie,R32,Aug,2018,RE,,
54,S2B-P5-Root-ITS,GW9823,Clatskanie,R49,June,2019,RE,,
1098,S2C-ITS-LE-REDO_redo,BESC261,Corvallis,R15,Aug,2018,LE,,
55,S2C-P3-Root-ITS,BESC835,Corvallis,R05,Aug,2019,RE,,
56,S2C-P4-Root-ITS,BESC801,Clatskanie,R41,Aug,2018,RE,,
57,S2C-P5-Root-ITS,BESC148,Corvallis,R04,June,2019,RE,,
1099,S2D-ITS-LE-REDO_redo,BESC835,Clatskanie,R41,Aug,2018,LE,,
58,S2D-P3-Root-ITS,BESC261,Corvallis,R13,Aug,2019,RE,,
59,S2D-P4-Root-ITS,GW9823,Clatskanie,R43,Aug,2018,RE,,
60,S2D-P5-Root-ITS,BESC835,Clatskanie,R42,June,2019,RE,,
1100,S2E-ITS-LE-REDO_redo,BESC103,Corvallis,R16,Aug,2018,LE,,
61,S2E-P3-Root-ITS,BESC103,Corvallis,R09,Aug,2019,RE,,
62,S2E-P4-Root-ITS,BESC71,Clatskanie,R21,Aug,2018,RE,,
63,S2E-P5-Root-ITS,BESC22,Corvallis,R07,June,2019,RE,,
1101,S2F-ITS-LE-REDO_redo,BESC103,Clatskanie,R40,Aug,2018,LE,,
64,S2F-P3-Root-ITS,D411,Clatskanie,R15,Aug,2019,RE,,
65,S2F-P4-Root-ITS,BESC103,Clatskanie,R11,Aug,2018,RE,,
1102,S2F-P4-Root-ITS-RE_redo,BESC103,Clatskanie,R11,Aug,2018,RE,,
66,S2F-P5-Root-ITS,BESC801,Clatskanie,R23,June,2019,RE,,
1103,S2G-ITS-LE-REDO_redo,BESC71,Corvallis,R17,Aug,2018,LE,,
67,S2G-P3-Root-ITS,GW9823,Clatskanie,R03,Aug,2019,RE,,
68,S2G-P4-Root-ITS,BESC835,Corvallis,R16,Aug,2018,RE,,
69,S2G-P5-Root-ITS,BESC103,Corvallis,R14,June,2019,RE,,
1104,S2H-ITS-LE-REDO_redo,BESC71,Clatskanie,R44,Aug,2018,LE,,
70,S2H-P3-Root-ITS,BESC801,Corvallis,R11,Aug,2019,RE,,
71,S2H-P4-Root-ITS,BESC261,Corvallis,R15,Aug,2018,RE,,
72,S2H-P5-Root-ITS,BESC261,Corvallis,R11,June,2019,RE,,
320,S3-ITS-RE-PL1-2,BESC71,Corvallis,R17,June,2018,RE,,
321,S30-ITS-RE-PL1-2,BESC835,Clatskanie,R10,June,2018,RE,,
322,S31-ITS-RE-PL1-2,BESC148,Corvallis,R01,June,2018,RE,,
323,S32-ITS-RE-PL1-2,BESC261,Corvallis,R02,June,2018,RE,,
1105,S32-ITS-RE-PL1-2_redo,BESC261,Corvallis,R02,June,2018,RE,,
324,S33-ITS-RE-PL1-2,BESC22,Corvallis,R06,June,2018,RE,,
325,S34-ITS-RE-PL1-2,D411,Clatskanie,R17,June,2018,RE,,
326,S35-ITS-RE-PL1-2,BESC801,Corvallis,R07,June,2018,RE,,
327,S36-ITS-RE-PL1-2,BESC71,Clatskanie,R03,June,2018,RE,,
1106,S36-ITS-RE-PL1-2_redo,BESC71,Clatskanie,R03,June,2018,RE,,
328,S37-ITS-RE-PL1-2,BESC71,Corvallis,R01,June,2018,RE,,
329,S38-ITS-RE-PL1-2,BESC103,Clatskanie,R11,June,2018,RE,,
330,S39-ITS-RE-PL1-2,GW9823,Corvallis,R01,June,2018,RE,,
1107,S39-ITS-RE-PL1-2_redo,GW9823,Corvallis,R01,June,2018,RE,,
1108,S3A-ITS-LE-REDO_redo,BESC801,Corvallis,R17,Aug,2018,LE,,
73,S3A-P3-Root-ITS,BESC71,Clatskanie,R21,Aug,2019,RE,,
74,S3A-P4-Root-ITS,BESC801,Corvallis,R07,Aug,2018,RE,,
75,S3A-P5-Root-ITS,BESC71,Corvallis,R05,June,2019,RE,,
1109,S3B-ITS-LE-REDO_redo,BESC801,Clatskanie,R41,Aug,2018,LE,,
76,S3B-P3-Root-ITS,D411,Clatskanie,R17,Aug,2019,RE,,
77,S3B-P4-Root-ITS,D176,Clatskanie,R17,Aug,2018,RE,,
78,S3B-P5-Root-ITS,BESC148,Clatskanie,R05,June,2019,RE,,
1110,S3C-ITS-LE-REDO_redo,GW9823,Clatskanie,R43,Aug,2018,LE,,
79,S3C-P3-Root-ITS,BESC148,Clatskanie,R15,Aug,2019,RE,,
80,S3C-P4-Root-ITS,BESC835,Clatskanie,R41,Aug,2018,RE,,
1111,S3C-P5-Root-ITS-RE_redo,BESC801,Corvallis,R02,June,2019,RE,,
1112,S3D-ITS-LE-REDO_redo,D176,Clatskanie,R17,Aug,2018,LE,,
81,S3D-P3-Root-ITS,D176,Clatskanie,R05,Aug,2019,RE,,
82,S3D-P4-Root-ITS,D411,Clatskanie,R22,Aug,2018,RE,,
83,S3D-P5-Root-ITS,BESC261,Corvallis,R06,June,2019,RE,,
1113,S3E-ITS-LE-REDO_redo,BESC22,Corvallis,R11,Aug,2018,LE,,
84,S3E-P3-Root-ITS,GW9823,Corvallis,R01,Aug,2019,RE,,
85,S3E-P4-Root-ITS,D411,Clatskanie,R07,Aug,2018,RE,,
86,S3E-P5-Root-ITS,BESC71,Clatskanie,R48,June,2019,RE,,
1114,S3F-ITS-LE-REDO_redo,BESC261,Corvallis,R10,Aug,2018,LE,,
87,S3F-P3-Root-ITS,BESC148,Corvallis,R01,Aug,2019,RE,,
88,S3F-P4-Root-ITS,D176,Clatskanie,R09,Aug,2018,RE,,
89,S3F-P5-Root-ITS,BESC148,Clatskanie,R22,June,2019,RE,,
90,S3G-P3-Root-ITS,BESC835,Corvallis,R02,Aug,2019,RE,,
91,S3G-P4-Root-ITS,BESC71,Corvallis,R09,Aug,2018,RE,,
1116,S3G-P4-Root-ITS-RE_redo,BESC71,Corvallis,R09,Aug,2018,RE,,
92,S3G-P5-Root-ITS,BESC103,Clatskanie,R24,June,2019,RE,,
1117,S3H-ITS-LE-REDO_redo,BESC835,Clatskanie,R23,Aug,2018,LE,,
93,S3H-P3-Root-ITS,BESC71,Clatskanie,R27,Aug,2019,RE,,
94,S3H-P4-Root-ITS,BESC103,Corvallis,R03,Aug,2018,RE,,
95,S3H-P5-Root-ITS,BESC22,Corvallis,R15,June,2019,RE,,
1118,S4-ITS-RE-PL1-2_redo,BESC71,Clatskanie,R44,June,2018,RE,,
331,S40-ITS-RE-PL1-2,D176,Clatskanie,R17,June,2018,RE,,
332,S41-ITS-RE-PL1-2,D176,Clatskanie,R05,June,2018,RE,,
333,S42-ITS-RE-PL1-2,GW9823,Clatskanie,R08,June,2018,RE,,
334,S43-ITS-RE-PL1-2,BESC103,Corvallis,R03,June,2018,RE,,
335,S44-ITS-RE-PL1-2,BESC801,Clatskanie,R03,June,2018,RE,,
336,S45-ITS-RE-PL1-2,BESC835,Clatskanie,R08,Feb,2018,RE,,
337,S46-ITS-RE-PL1-2,BESC148,Clatskanie,R22,Feb,2018,RE,,
338,S47-ITS-RE-PL1-2,BESC835,Corvallis,R01,Feb,2018,RE,,
339,S48-ITS-RE-PL1-2,BESC148,Clatskanie,R11,Feb,2018,RE,,
340,S49-ITS-RE-PL1-2,BESC148,Clatskanie,R05,Feb,2018,RE,,
1119,S4A-ITS-LE-REDO_redo,BESC103,Corvallis,R09,Aug,2018,LE,,
96,S4A-P3-Root-ITS,BESC71,Corvallis,R10,Aug,2019,RE,,
97,S4A-P4-Root-ITS,BESC148,Clatskanie,R17,Aug,2018,RE,,
98,S4A-P5-Root-ITS,GW9823,Clatskanie,R35,June,2019,RE,,
1120,S4B-ITS-LE-REDO_redo,BESC103,Clatskanie,R23,Aug,2018,LE,,
99,S4B-P3-Root-ITS,D411,Clatskanie,R08,Aug,2019,RE,,
100,S4B-P4-Root-ITS,BESC22,Corvallis,R06,Aug,2018,RE,,
101,S4B-P5-Root-ITS,D411,Clatskanie,R15,June,2019,RE,,
1121,S4C-ITS-LE-REDO_redo,BESC71,Clatskanie,R09,Aug,2018,LE,,
102,S4C-P3-Root-ITS,GW9823,Corvallis,R05,Aug,2019,RE,,
103,S4C-P4-Root-ITS,D411,Clatskanie,R17,Aug,2018,RE,,
104,S4C-P5-Root-ITS,BESC103,Clatskanie,R07,June,2019,RE,,
1122,S4D-ITS-LE-REDO_redo,BESC71,Clatskanie,R21,Aug,2018,LE,,
105,S4D-P3-Root-ITS,BESC835,Clatskanie,R08,Aug,2019,RE,,
106,S4D-P4-Root-ITS,BESC71,Clatskanie,R03,Aug,2018,RE,,
1123,S4D-P4-Root-ITS-RE_redo,BESC71,Clatskanie,R03,Aug,2018,RE,,
107,S4D-P5-Root-ITS,BESC148,Clatskanie,R11,June,2019,RE,,
1124,S4E-ITS-LE-REDO_redo,BESC835,Clatskanie,R10,Aug,2018,LE,,
108,S4E-P3-Root-ITS,BESC103,Corvallis,R06,Aug,2019,RE,,
1125,S4E-P3-Root-ITS-RE_redo,BESC103,Corvallis,R06,Aug,2019,RE,,
109,S4E-P4-Root-ITS,BESC71,Corvallis,R01,Aug,2018,RE,,
110,S4E-P5-Root-ITS,BESC835,Corvallis,R05,June,2019,RE,,
1126,S4F-ITS-LE-REDO_redo,BESC801,Clatskanie,R16,Aug,2018,LE,,
111,S4F-P3-Root-ITS,BESC801,Clatskanie,R01,Aug,2019,RE,,
112,S4F-P4-Root-ITS,BESC103,Corvallis,R09,Aug,2018,RE,,
113,S4F-P5-Root-ITS,GW9823,Clatskanie,R05,June,2019,RE,,
1127,S4G-ITS-LE-REDO_redo,GW9823,Corvallis,R08,Aug,2018,LE,,
114,S4G-P3-Root-ITS,BESC71,Corvallis,R17,Aug,2019,RE,,
115,S4G-P4-Root-ITS,BESC835,Clatskanie,R23,Aug,2018,RE,,
116,S4G-P5-Root-ITS,D176,Clatskanie,R17,June,2019,RE,,
1128,S4H-ITS-LE-REDO_redo,GW9823,Clatskanie,R32,Aug,2018,LE,,
117,S4H-P3-Root-ITS,GW9823,Clatskanie,R28,Aug,2019,RE,,
118,S4H-P4-Root-ITS,BESC801,Clatskanie,R03,Aug,2018,RE,,
119,S4H-P5-Root-ITS,D176,Clatskanie,R05,June,2019,RE,,
341,S5-ITS-RE-PL1-2,BESC801,Corvallis,R10,June,2018,RE,,
342,S50-ITS-RE-PL1-2,BESC835,Corvallis,R12,Feb,2018,RE,,
343,S51-ITS-RE-PL1-2,BESC835,Corvallis,R05,Feb,2018,RE,,
344,S52-ITS-RE-PL1-2,BESC103,Clatskanie,R41,Feb,2018,RE,,
345,S53-ITS-RE-PL1-2,BESC22,Corvallis,R15,Feb,2018,RE,,
346,S54-ITS-RE-PL1-2,BESC261,Corvallis,R15,Feb,2018,RE,,
347,S55-ITS-RE-PL1-2,BESC835,Clatskanie,R42,Feb,2018,RE,,
348,S56-ITS-RE-PL1-2,BESC103,Corvallis,R14,Feb,2018,RE,,
349,S57-ITS-RE-PL1-2,BESC801,Clatskanie,R07,Feb,2018,RE,,
350,S58-ITS-RE-PL1-2,BESC71,Corvallis,R14,Feb,2018,RE,,
351,S59-ITS-RE-PL1-2,BESC71,Clatskanie,R48,Feb,2018,RE,,
1129,S5A-ITS-LE-REDO_redo,D176,Clatskanie,R09,Aug,2018,LE,,
120,S5A-P3-Root-ITS,BESC71,Corvallis,R09,Aug,2019,RE,,
121,S5A-P4-Root-ITS,BESC71,Corvallis,R17,Aug,2018,RE,,
122,S5A-P5-Root-ITS,BESC835,Clatskanie,R08,June,2019,RE,,
1130,S5B-ITS-LE-REDO_redo,D411,Clatskanie,R17,Aug,2018,LE,,
123,S5B-P3-Root-ITS,BESC801,Corvallis,R07,Aug,2019,RE,,
124,S5B-P4-Root-ITS,GW9823,Corvallis,R01,Aug,2018,RE,,
125,S5B-P5-Root-ITS,BESC835,Corvallis,R01,June,2019,RE,,
1131,S5C-ITS-LE-REDO_redo,BESC22,Corvallis,R06,Aug,2018,LE,,
126,S5C-P3-Root-ITS,BESC801,Corvallis,R02,Aug,2019,RE,,
127,S5C-P4-Root-ITS,BESC22,Corvallis,R11,Aug,2018,RE,,
128,S5C-P5-Root-ITS,BESC103,Corvallis,R12,June,2019,RE,,
1132,S5D-ITS-LE-REDO_redo,BESC261,Corvallis,R02,Aug,2018,LE,,
129,S5D-P3-Root-ITS,BESC103,Clatskanie,R07,Aug,2019,RE,,
130,S5D-P4-Root-ITS,BESC835,Clatskanie,R10,Aug,2018,RE,,
131,S5D-P5-Root-ITS,D411,Clatskanie,R26,June,2019,RE,,
1133,S5E-ITS-LE-REDO_redo,BESC148,Corvallis,R01,Aug,2018,LE,,
132,S5E-P3-Root-ITS,BESC103,Corvallis,R14,Aug,2019,RE,,
133,S5E-P4-Root-ITS,BESC148,Clatskanie,R08,Aug,2018,RE,,
134,S5E-P5-Root-ITS,BESC801,Clatskanie,R08,June,2019,RE,,
1134,S5F-ITS-LE-REDO_redo,BESC103,Corvallis,R03,Aug,2018,LE,,
135,S5F-P3-Root-ITS,BESC148,Clatskanie,R05,Aug,2019,RE,,
136,S5F-P4-Root-ITS,BESC148,Corvallis,R07,Aug,2018,RE,,
137,S5F-P5-Root-ITS,BESC71,Corvallis,R17,June,2019,RE,,
1135,S5G-ITS-LE-REDO_redo,BESC103,Clatskanie,R11,Aug,2018,LE,,
138,S5G-P3-Root-ITS,BESC261,Corvallis,R06,Aug,2019,RE,,
139,S5G-P4-Root-ITS,BESC261,Corvallis,R10,Aug,2018,RE,,
140,S5G-P5-Root-ITS,BESC103,Clatskanie,R41,June,2019,RE,,
1136,S5H-ITS-LE-REDO_redo,BESC71,Clatskanie,R03,Aug,2018,LE,,
142,S5H-P4-Root-ITS,BESC801,Clatskanie,R16,Aug,2018,RE,,
143,S5H-P5-Root-ITS,BESC801,Corvallis,R11,June,2019,RE,,
352,S6-ITS-RE-PL1-2,BESC103,Corvallis,R16,June,2018,RE,,
353,S60-ITS-RE-PL1-2,BESC801,Corvallis,R17,Feb,2018,RE,,
354,S61-ITS-RE-PL1-2,BESC801,Clatskanie,R44,Feb,2018,RE,,
355,S62-ITS-RE-PL1-2,GW9823,Clatskanie,R49,Feb,2018,RE,,
356,S63-ITS-RE-PL1-2,D176,Clatskanie,R17,Feb,2018,RE,,
1137,S63-ITS-RE-PL1-2_redo,D176,Clatskanie,R17,Feb,2018,RE,,
357,S64-ITS-RE-PL1-2,D411,Clatskanie,R26,Feb,2018,RE,,
358,S65-ITS-RE-PL1-2,BESC22,Corvallis,R07,Feb,2018,RE,,
359,S66-ITS-RE-PL1-2,GW9823,Corvallis,R05,Feb,2018,RE,,
360,S67-ITS-RE-PL1-2,BESC801,Corvallis,R02,Feb,2018,RE,,
361,S68-ITS-RE-PL1-2,D176,Clatskanie,R05,Feb,2018,RE,,
362,S69-ITS-RE-PL1-2,D411,Clatskanie,R04,Feb,2018,RE,,
1138,S69-ITS-RE-PL1-2_redo,D411,Clatskanie,R04,Feb,2018,RE,,
1139,S6A-ITS-LE-REDO_redo,,Corvallis,R07,Aug,2018,LE,,
144,S6A-P3-Root-ITS,BESC148,Corvallis,R07,Aug,2019,RE,,
145,S6A-P4-Root-ITS,GW9823,Corvallis,R08,Aug,2018,RE,,
146,S6A-P5-Root-ITS,GW9823,Corvallis,R05,June,2019,RE,,
1140,S6B-ITS-LE-REDO_redo,BESC801,Clatskanie,R03,Aug,2018,LE,,
147,S6B-P3-Root-ITS,BESC261,Corvallis,R15,Aug,2019,RE,,
148,S6B-P4-Root-ITS,BESC148,Corvallis,R01,Aug,2018,RE,,
149,S6B-P5-Root-ITS,BESC71,Clatskanie,R27,June,2019,RE,,
1141,S6C-ITS-LE-REDO_redo,GW9823,Corvallis,R01,Aug,2018,LE,,
151,S6C-P4-Root-ITS,BESC103,Clatskanie,R40,Aug,2018,RE,,
152,S6C-P5-Root-ITS,D411,Clatskanie,R04,June,2019,RE,,
1142,S6D-ITS-LE-REDO_redo,GW9823,Clatskanie,R08,Aug,2018,LE,,
153,S6D-P3-Root-ITS,BESC835,Corvallis,R14,Aug,2019,RE,,
154,S6D-P4-Root-ITS,BESC261,Corvallis,R02,Aug,2018,RE,,
155,S6D-P5-Root-ITS,BESC148,Corvallis,R05,June,2019,RE,,
1143,S6E-ITS-LE-REDO_redo,D176,Clatskanie,R05,Aug,2018,LE,,
156,S6E-P3-Root-ITS,D411,Clatskanie,R17,Aug,2019,RE,,
157,S6E-P4-Root-ITS,BESC801,Corvallis,R09,Aug,2018,RE,,
1145,S6F-ITS-LE-REDO_redo,D411,Clatskanie,R07,Aug,2018,LE,,
158,S6F-P3-Root-ITS,D176,Clatskanie,R08,Aug,2019,RE,,
159,S6F-P4-Root-ITS,BESC103,Corvallis,R16,Aug,2019,RE,,
1146,S6G-ITS-LE-REDO_redo,BESC148,Corvallis,R07,Aug,2018,LE,,
160,S6G-P3-Root-ITS,BESC835,Corvallis,R12,Aug,2019,RE,,
161,S6G-P4-Root-ITS,BESC801,Corvallis,R11,Oct,2019,RE,,
162,S6H-P3-Root-ITS,D176,Clatskanie,R17,Aug,2019,RE,,
163,S6H-P4-Root-ITS,GW9823,Clatskanie,R05,Oct,2019,RE,,
363,S7-ITS-RE-PL1-2,BESC261,Corvallis,R15,June,2018,RE,,
364,S70-ITS-RE-PL1-2,GW9823,Clatskanie,R05,Feb,2018,RE,,
365,S71-ITS-RE-PL1-2,BESC103,Corvallis,R06,Feb,2018,RE,,
366,S72-ITS-RE-PL1-2,BESC103,Clatskanie,R07,Feb,2018,RE,,
367,S73-ITS-RE-PL1-2,BESC71,Corvallis,R05,Feb,2018,RE,,
368,S74-ITS-RE-PL1-2,BESC71,Clatskanie,R09,Feb,2018,RE,,
369,S75-ITS-RE-PL1-2,D176,Clatskanie,R11,Feb,2018,RE,,
370,S76-ITS-RE-PL1-2,D411,Clatskanie,R15,Feb,2018,RE,,
371,S77-ITS-RE-PL1-2,BESC22,Corvallis,R03,Feb,2018,RE,,
372,S78-ITS-RE-PL1-2,BESC261,Corvallis,R06,Feb,2018,RE,,
373,S79-ITS-RE-PL1-2,BESC148,Corvallis,R04,Feb,2018,RE,,
164,S7A-P3-Root-ITS,BESC148,Clatskanie,R22,Aug,2019,RE,,
165,S7A-P4-Root-ITS,BESC835,Clatskanie,R08,Oct,2019,RE,,
166,S7B-P3-Root-ITS,D176,Clatskanie,R06,Aug,2019,RE,,
167,S7B-P4-Root-ITS,BESC261,Corvallis,R15,Oct,2019,RE,,
168,S7C-P3-Root-ITS,D176,Clatskanie,R11,Aug,2019,RE,,
169,S7C-P4-Root-ITS,D176,Clatskanie,R17,Oct,2019,RE,,
170,S7D-P3-Root-ITS,BESC801,Clatskanie,R44,Aug,2019,RE,,
171,S7D-P4-Root-ITS,BESC103,Corvallis,R04,Oct,2019,RE,,
172,S7E-P3-Root-ITS,BESC835,Clatskanie,R30,Aug,2019,RE,,
173,S7E-P4-Root-ITS,BESC835,Corvallis,R05,Oct,2019,RE,,
175,S7F-P4-Root-ITS,BESC71,Clatskanie,R48,Oct,2019,RE,,
176,S7G-P3-Root-ITS,D411,Clatskanie,R04,Aug,2019,RE,,
177,S7G-P4-Root-ITS,GW9823,Clatskanie,R49,Oct,2019,RE,,
178,S7H-P3-Root-ITS,BESC835,Corvallis,R01,Aug,2019,RE,,
1147,S7H-P3-Root-ITS-RE_redo,BESC835,Corvallis,R01,Aug,2019,RE,,
179,S7H-P4-Root-ITS,BESC71,Corvallis,R10,Oct,2019,RE,,
374,S8-ITS-RE-PL1-2,BESC835,Clatskanie,R41,June,2018,RE,,
1148,S8-ITS-RE-PL1-2_redo,BESC835,Clatskanie,R41,June,2018,RE,,
375,S80-ITS-RE-PL1-2,BESC71,Corvallis,R10,Feb,2018,RE,,
376,S81-ITS-RE-PL1-2,BESC71,Clatskanie,R27,Feb,2018,RE,,
377,S82-ITS-RE-PL1-2,BESC801,Corvallis,R11,Feb,2018,RE,,
378,S83-ITS-RE-PL1-2,BESC801,Clatskanie,R23,Feb,2018,RE,,
379,S84-ITS-RE-PL1-2,GW9823,Clatskanie,R35,Feb,2018,RE,,
1149,S84-ITS-RE-PL1-2_redo,GW9823,Clatskanie,R35,Feb,2018,RE,,
380,S85-ITS-RE-PL1-2,BESC261,Corvallis,R11,Feb,2018,RE,,
381,S86-ITS-RE-PL1-2,BESC148,Corvallis,R05,Feb,2018,RE,,
1150,S86-ITS-RE-PL1-2_redo,BESC148,Corvallis,R05,Feb,2018,RE,,
382,S87-ITS-RE-PL1-2,BESC835,Clatskanie,R22,Feb,2018,RE,,
383,S88-ITS-RE-PL1-2,BESC103,Corvallis,R12,Feb,2018,RE,,
384,S89-ITS-RE-PL1-2,BESC103,Clatskanie,R24,Feb,2018,RE,,
1151,S89-ITS-RE-PL1-2_redo,BESC103,Clatskanie,R24,Feb,2018,RE,,
180,S8A-P3-Root-ITS,BESC103,Clatskanie,R05,Aug,2019,RE,,
181,S8A-P4-Root-ITS,BESC261,Corvallis,R11,Oct,2019,RE,,
182,S8B-P3-Root-ITS,BESC22,Corvallis,R04,Aug,2019,RE,,
183,S8B-P4-Root-ITS,BESC148,Clatskanie,R22,Oct,2019,RE,,
184,S8C-P3-Root-ITS,BESC71,Corvallis,R07,Aug,2019,RE,,
185,S8C-P4-Root-ITS,BESC103,Clatskanie,R24,Oct,2019,RE,,
186,S8D-P3-Root-ITS,BESC22,Corvallis,R03,Aug,2019,RE,,
187,S8D-P4-Root-ITS,D411,Clatskanie,R26,Oct,2019,RE,,
188,S8E-P3-Root-ITS,BESC835,Clatskanie,R42,Aug,2019,RE,,
189,S8E-P4-Root-ITS,BESC835,Clatskanie,R22,Oct,2019,RE,,
190,S8F-P3-Root-ITS,BESC71,Clatskanie,R09,Aug,2019,RE,,
1152,S8F-P3-Root-ITS-RE_redo,BESC71,Clatskanie,R09,Aug,2019,RE,,
191,S8F-P4-Root-ITS,BESC22,Corvallis,R15,Oct,2019,RE,,
192,S8G-P3-Root-ITS,BESC801,Clatskanie,R08,Aug,2019,RE,,
193,S8G-P4-Root-ITS,D411,Clatskanie,R15,Oct,2019,RE,,
194,S8H-P3-Root-ITS,GW9823,Clatskanie,R13,Aug,2019,RE,,
195,S8H-P4-Root-ITS,BESC801,Corvallis,R02,Oct,2019,RE,,
385,S9-ITS-RE-PL1-2,BESC22,Corvallis,R16,June,2018,RE,,
386,S97-ITS-RE-PL1-2,BESC835,Clatskanie,R16,Oct,2018,RE,,
1153,S97-ITS-RE-PL1-2_redo,BESC835,Clatskanie,R16,Oct,2018,RE,,
1154,S98-ITS-RE-PL1-2_redo,BESC835,Corvallis,R14,Oct,2018,RE,,
387,S99-ITS-RE-PL1-2,GW9823,Corvallis,R08,Oct,2018,RE,,
1155,S99-ITS-RE-PL1-2_redo,GW9823,Corvallis,R08,Oct,2018,RE,,
196,S9A-P3-Root-ITS,BESC148,Clatskanie,R11,Aug,2019,RE,,
1156,S9A-P3-Root-ITS-RE_redo,BESC148,Clatskanie,R11,Aug,2019,RE,,
197,S9A-P4-Root-ITS,BESC835,Corvallis,R01,Oct,2019,RE,,
198,S9B-P3-Root-ITS,BESC71,Corvallis,R05,Aug,2019,RE,,
199,S9B-P4-Root-ITS,BESC801,Clatskanie,R44,Oct,2019,RE,,
200,S9C-P3-Root-ITS,BESC22,Corvallis,R15,Aug,2019,RE,,
201,S9C-P4-Root-ITS,BESC148,Clatskanie,R05,Oct,2019,RE,,
202,S9D-P3-Root-ITS,BESC103,Corvallis,R12,Aug,2019,RE,,
203,S9D-P4-Root-ITS,BESC148,Corvallis,R05,Oct,2019,RE,,
204,S9E-P3-Root-ITS,BESC261,Corvallis,R11,Aug,2019,RE,,
205,S9E-P4-Root-ITS,GW9823,Clatskanie,R35,Oct,2019,RE,,
206,S9F-P3-Root-ITS,BESC103,Clatskanie,R41,Aug,2019,RE,,
207,S9F-P4-Root-ITS,BESC71,Clatskanie,R27,Oct,2019,RE,,
208,S9G-P3-Root-ITS,BESC835,Clatskanie,R22,Aug,2019,RE,,
209,S9G-P4-Root-ITS,BESC261,Corvallis,R06,Oct,2019,RE,,
210,S9H-P3-Root-ITS,D411,Clatskanie,R26,Aug,2019,RE,,
211,S9H-P4-Root-ITS,BESC22,Corvallis,R03,Oct,2019,RE,,
,RHOct-1-redo2-ITS,,,,,,,,
,RHOct-1-redo2-ITS,,,,,,,,
,RHOct-2-redo2-ITS,,,,,,,,
,RHOct-2-redo2-ITS,,,,,,,,
,RHOct-3-redo2-ITS,,,,,,,,
,RHOct-3-redo2-ITS,,,,,,,,
,RHOct-4-redo2-ITS,,,,,,,,
,RHOct-4-redo2-ITS,,,,,,,,
,RHOct-5-redo2-ITS,,,,,,,,
,RHOct-5-redo2-ITS,,,,,,,,
,RHOct-6-redo2-ITS,,,,,,,,
,RHOct-6-redo2-ITS,,,,,,,,
,RHOct-7-redo2-ITS,,,,,,,,
,RHOct-7-redo2-ITS,,,,,,,,
,RHOct-8-redo2-ITS,,,,,,,,
,RHOct-8-redo2-ITS,,,,,,,,
,RHOct-9-redo2-ITS,,,,,,,,
,RHOct-9-redo2-ITS,,,,,,,,
,RHOct-10-redo2-ITS,,,,,,,,
,RHOct-10-redo2-ITS,,,,,,,,
,RHOct-11-redo2-ITS,,,,,,,,
,RHOct-11-redo2-ITS,,,,,,,,
,RHOct-12-redo2-ITS,,,,,,,,
,RHOct-12-redo2-ITS,,,,,,,,
,RHOct-13-redo2-ITS,,,,,,,,
,RHOct-13-redo2-ITS,,,,,,,,
,RHOct-14-redo2-ITS,,,,,,,,
,RHOct-14-redo2-ITS,,,,,,,,
,RHOct-15-redo2-ITS,,,,,,,,
,RHOct-15-redo2-ITS,,,,,,,,
,RHOct-16-redo2-ITS,,,,,,,,
,RHOct-16-redo2-ITS,,,,,,,,
,RHOct-17-redo2-ITS,,,,,,,,
,RHOct-17-redo2-ITS,,,,,,,,
,RHAug-5-redo2-ITS,,,,,,,,
,RHAug-5-redo2-ITS,,,,,,,,
,RHAug-6-redo2-ITS,,,,,,,,
,RHAug-6-redo2-ITS,,,,,,,,
,RHAug-7-redo2-ITS,,,,,,,,
,RHAug-7-redo2-ITS,,,,,,,,
,RHAug-13-redo2-ITS,,,,,,,,
,RHAug-13-redo2-ITS,,,,,,,,
,RHAug-16-redo2-ITS,,,,,,,,
,RHAug-16-redo2-ITS,,,,,,,,
,RHAug-23-redo2-ITS,,,,,,,,
,RHAug-23-redo2-ITS,,,,,,,,
,RHAug-26-redo2-ITS,,,,,,,,
,RHAug-26-redo2-ITS,,,,,,,,
,RHAug-27-redo2-ITS,,,,,,,,
,RHAug-27-redo2-ITS,,,,,,,,
,RHAug-28-redo2-ITS,,,,,,,,
,RHAug-28-redo2-ITS,,,,,,,,
,RHAug-29-redo2-ITS,,,,,,,,
,RHAug-29-redo2-ITS,,,,,,,,
,RHAug-31-redo2-ITS,,,,,,,,
,RHAug-31-redo2-ITS,,,,,,,,
,RHAug-35-redo2-ITS,,,,,,,,
,RHAug-35-redo2-ITS,,,,,,,,
,RHAug-36-redo2-ITS,,,,,,,,
,RHAug-36-redo2-ITS,,,,,,,,
,RHAug-38-redo2-ITS,,,,,,,,
,RHAug-38-redo2-ITS,,,,,,,,
,RHAug-39-redo2-ITS,,,,,,,,
,RHAug-39-redo2-ITS,,,,,,,,
,RHAug-40-redo2-ITS,,,,,,,,
,RHAug-40-redo2-ITS,,,,,,,,
,RHAug-43-redo2-ITS,,,,,,,,
,RHAug-43-redo2-ITS,,,,,,,,
,RHAug-44-redo2-ITS,,,,,,,,
,RHAug-44-redo2-ITS,,,,,,,,
,RHAug-45-redo2-ITS,,,,,,,,
,RHAug-45-redo2-ITS,,,,,,,,
,RHAug-47-redo2-ITS,,,,,,,,
,RHAug-47-redo2-ITS,,,,,,,,
,RHAug-48-redo2-ITS,,,,,,,,
,RHAug-48-redo2-ITS,,,,,,,,
,RHAug-50-redo2-ITS,,,,,,,,
,RHAug-50-redo2-ITS,,,,,,,,
,RHAug-51-redo2-ITS,,,,,,,,
,RHAug-51-redo2-ITS,,,,,,,,